# MagicaVoxel @ Ephtracy

# group
o 

# material
mtllib Tbar.mtl
usemtl palette

# normals
vn -1 0 0
vn 1 0 0
vn 0 0 1
vn 0 0 -1
vn 0 -1 0
vn 0 1 0

# texcoords
vt 0.185547 0.5
vt 0.369141 0.5
vt 0.626953 0.5
vt 0.853516 0.5
vt 0.857422 0.5
vt 0.896484 0.5
vt 0.958984 0.5
vt 0.962891 0.5
vt 0.970703 0.5
vt 0.974609 0.5
vt 0.978516 0.5
vt 0.986328 0.5
vt 0.990234 0.5

# verts
v -1.6 1.9 -0.1
v -1.6 1.9 -0.2
v -1.6 2 -1.19209e-07
v -1.6 2 -0.1
v -1.6 2 -0.2
v -1.6 2 -0.3
v -1.6 2.2 -1.19209e-07
v -1.6 2.2 -0.3
v -1.5 0 1.2
v -1.5 0 -0.1
v -1.5 0.1 1.2
v -1.5 0.1 1.1
v -1.5 0.1 -1.19209e-07
v -1.5 0.1 -0.1
v -1.5 0.2 1.1
v -1.5 0.2 -1.19209e-07
v -1.4 0.1 1.2
v -1.4 0.1 1.1
v -1.4 0.1 -1.19209e-07
v -1.4 0.1 -0.1
v -1.4 0.2 1.2
v -1.4 0.2 1.1
v -1.4 0.2 -1.19209e-07
v -1.4 0.2 -0.1
v -1.4 1.8 -0.1
v -1.4 1.8 -0.2
v -1.4 1.9 -1.19209e-07
v -1.4 1.9 -0.1
v -1.4 1.9 -0.2
v -1.4 1.9 -0.3
v -1.4 2 -1.19209e-07
v -1.4 2 -0.1
v -1.4 2 -0.2
v -1.4 2 -0.3
v -1.3 0.1 0.9
v -1.3 0.1 0.8
v -1.3 0.1 0.7
v -1.3 0.1 0.6
v -1.3 0.1 0.5
v -1.3 0.1 0.4
v -1.3 0.1 0.3
v -1.3 0.1 0.2
v -1.3 0.2 0.9
v -1.3 0.2 0.8
v -1.3 0.2 0.7
v -1.3 0.2 0.6
v -1.3 0.2 0.5
v -1.3 0.2 0.4
v -1.3 0.2 0.3
v -1.3 0.2 0.2
v -1.3 1.9 -0.3
v -1.3 1.9 -0.4
v -1.3 2.1 -0.3
v -1.3 2.1 -0.4
v -1.2 1.6 0.3
v -1.2 1.6 0.2
v -1.2 1.8 -1.19209e-07
v -1.2 1.8 -0.1
v -1.2 1.8 -0.3
v -1.2 1.8 -0.4
v -1.2 1.9 -1.19209e-07
v -1.2 1.9 -0.1
v -1.2 1.9 -0.3
v -1.2 1.9 -0.4
v -1.2 2 0.3
v -1.2 2 0.2
v -1.2 2 -1.19209e-07
v -1.2 2.1 -1.19209e-07
v -1.2 2.1 -0.1
v -1.2 2.1 -0.3
v -1.2 2.1 -0.4
v -1.2 2.2 0.3
v -1.2 2.2 0.0999999
v -1.2 2.2 -0.1
v -1.2 2.2 -0.3
v -1.2 2.2 -0.4
v -1.2 2.7 0.3
v -1.2 2.7 0.0999999
v -1.1 0.1 1.1
v -1.1 0.1 1
v -1.1 0.1 0.9
v -1.1 0.1 0.8
v -1.1 0.1 0.7
v -1.1 0.1 0.6
v -1.1 0.1 0.5
v -1.1 0.1 0.4
v -1.1 0.1 0.3
v -1.1 0.1 0.2
v -1.1 0.1 0.0999999
v -1.1 0.1 -1.19209e-07
v -1.1 0.2 1.1
v -1.1 0.2 1
v -1.1 0.2 0.9
v -1.1 0.2 0.8
v -1.1 0.2 0.7
v -1.1 0.2 0.6
v -1.1 0.2 0.5
v -1.1 0.2 0.4
v -1.1 0.2 0.3
v -1.1 0.2 0.2
v -1.1 0.2 0.0999999
v -1.1 0.2 -1.19209e-07
v -0.9 0.1 1.1
v -0.9 0.1 1
v -0.9 0.1 0.9
v -0.9 0.1 0.8
v -0.9 0.1 0.7
v -0.9 0.1 0.6
v -0.9 0.1 0.5
v -0.9 0.1 0.4
v -0.9 0.1 0.3
v -0.9 0.1 0.2
v -0.9 0.1 0.0999999
v -0.9 0.1 -1.19209e-07
v -0.9 0.2 1.1
v -0.9 0.2 1
v -0.9 0.2 0.9
v -0.9 0.2 0.8
v -0.9 0.2 0.7
v -0.9 0.2 0.6
v -0.9 0.2 0.5
v -0.9 0.2 0.4
v -0.9 0.2 0.3
v -0.9 0.2 0.2
v -0.9 0.2 0.0999999
v -0.9 0.2 -1.19209e-07
v -0.7 0.1 1.1
v -0.7 0.1 1
v -0.7 0.1 0.9
v -0.7 0.1 0.8
v -0.7 0.1 0.7
v -0.7 0.1 0.6
v -0.7 0.1 0.5
v -0.7 0.1 0.4
v -0.7 0.1 0.3
v -0.7 0.1 0.2
v -0.7 0.1 0.0999999
v -0.7 0.1 -1.19209e-07
v -0.7 0.2 1.1
v -0.7 0.2 1
v -0.7 0.2 0.9
v -0.7 0.2 0.8
v -0.7 0.2 0.7
v -0.7 0.2 0.6
v -0.7 0.2 0.5
v -0.7 0.2 0.4
v -0.7 0.2 0.3
v -0.7 0.2 0.2
v -0.7 0.2 0.0999999
v -0.7 0.2 -1.19209e-07
v -0.7 1.9 -0.3
v -0.7 1.9 -0.4
v -0.7 2 -0.3
v -0.7 2 -0.4
v -0.7 2.1 -0.3
v -0.7 2.1 -0.4
v -0.6 1.6 0.3
v -0.6 1.6 0.2
v -0.6 1.8 -1.19209e-07
v -0.6 1.8 -0.1
v -0.6 1.8 -0.3
v -0.6 1.8 -0.4
v -0.6 1.9 -1.19209e-07
v -0.6 1.9 -0.1
v -0.6 1.9 -0.3
v -0.6 1.9 -0.4
v -0.6 2 0.3
v -0.6 2 0.2
v -0.6 2 -1.19209e-07
v -0.6 2.1 -1.19209e-07
v -0.6 2.1 -0.1
v -0.6 2.1 -0.3
v -0.6 2.1 -0.4
v -0.6 2.2 0.3
v -0.6 2.2 0.0999999
v -0.6 2.2 -0.1
v -0.6 2.2 -0.3
v -0.6 2.2 -0.4
v -0.6 2.7 0.3
v -0.6 2.7 0.0999999
v -0.5 0.1 1.1
v -0.5 0.1 1
v -0.5 0.1 0.9
v -0.5 0.1 0.8
v -0.5 0.1 0.7
v -0.5 0.1 0.6
v -0.5 0.1 0.5
v -0.5 0.1 0.4
v -0.5 0.1 0.3
v -0.5 0.1 0.2
v -0.5 0.1 0.0999999
v -0.5 0.1 -1.19209e-07
v -0.5 0.2 1.1
v -0.5 0.2 1
v -0.5 0.2 0.9
v -0.5 0.2 0.8
v -0.5 0.2 0.7
v -0.5 0.2 0.6
v -0.5 0.2 0.5
v -0.5 0.2 0.4
v -0.5 0.2 0.3
v -0.5 0.2 0.2
v -0.5 0.2 0.0999999
v -0.5 0.2 -1.19209e-07
v -0.4 0 -0.1
v -0.4 0 -0.4
v -0.4 0.1 -0.1
v -0.4 0.1 -0.4
v -0.3 0 -0.4
v -0.3 0 -0.5
v -0.3 0.1 1.1
v -0.3 0.1 1
v -0.3 0.1 0.9
v -0.3 0.1 0.8
v -0.3 0.1 0.7
v -0.3 0.1 0.6
v -0.3 0.1 0.5
v -0.3 0.1 0.4
v -0.3 0.1 0.3
v -0.3 0.1 0.2
v -0.3 0.1 0.0999999
v -0.3 0.1 -1.19209e-07
v -0.3 0.1 -0.1
v -0.3 0.1 -0.3
v -0.3 0.1 -0.4
v -0.3 0.1 -0.5
v -0.3 0.2 1.1
v -0.3 0.2 1
v -0.3 0.2 0.9
v -0.3 0.2 0.8
v -0.3 0.2 0.7
v -0.3 0.2 0.6
v -0.3 0.2 0.5
v -0.3 0.2 0.4
v -0.3 0.2 0.3
v -0.3 0.2 0.2
v -0.3 0.2 0.0999999
v -0.3 0.2 -1.19209e-07
v -0.3 0.2 -0.1
v -0.3 0.2 -0.3
v -0.2 0.1 -0.3
v -0.2 0.1 -0.4
v -0.2 0.2 -0.1
v -0.2 0.2 -0.2
v -0.2 0.2 -0.3
v -0.2 0.2 -0.4
v -0.2 0.3 -0.1
v -0.2 0.3 -0.2
v -0.2 1.8 -0.1
v -0.2 1.8 -0.2
v -0.2 1.8 -0.3
v -0.2 1.9 -0.2
v -0.2 1.9 -0.3
v -0.2 2.2 -0.1
v -0.2 2.2 -0.2
v -0.2 2.3 -0.1
v -0.2 2.3 -0.2
v -0.1 0.1 0.9
v -0.1 0.1 0.8
v -0.1 0.1 0.7
v -0.1 0.1 0.6
v -0.1 0.1 0.5
v -0.1 0.1 0.4
v -0.1 0.1 0.3
v -0.1 0.1 0.2
v -0.1 0.2 0.9
v -0.1 0.2 0.8
v -0.1 0.2 0.7
v -0.1 0.2 0.6
v -0.1 0.2 0.5
v -0.1 0.2 0.4
v -0.1 0.2 0.3
v -0.1 0.2 0.2
v -0.1 0.2 -1.19209e-07
v -0.1 0.2 -0.1
v -0.1 0.2 -0.2
v -0.1 0.2 -0.3
v -0.1 0.3 -1.19209e-07
v -0.1 0.3 -0.1
v -0.1 0.3 -0.2
v -0.1 0.3 -0.3
v -0.1 1.8 -0.2
v -0.1 1.8 -0.3
v -0.1 1.9 -1.19209e-07
v -0.1 1.9 -0.1
v -0.1 2.1 -1.19209e-07
v -0.1 2.1 -0.1
v -0.1 2.1 -0.2
v -0.1 2.1 -0.3
v -0.1 2.3 -1.19209e-07
v -0.1 2.3 -0.1
v -0.1 2.3 -0.2
v -0.1 2.3 -0.3
v -0.1 2.5 -0.1
v -0.1 2.5 -0.2
v 0.1 0.1 1.1
v 0.1 0.1 1
v 0.1 0.2 1.1
v 0.1 0.2 1
v 0.2 0.1 1.2
v 0.2 0.1 1.1
v 0.2 0.1 0.9
v 0.2 0.1 0.8
v 0.2 0.1 0.7
v 0.2 0.1 0.6
v 0.2 0.1 0.5
v 0.2 0.1 0.4
v 0.2 0.1 0.3
v 0.2 0.1 0.2
v 0.2 0.2 1.2
v 0.2 0.2 1.1
v 0.2 0.2 0.9
v 0.2 0.2 0.8
v 0.2 0.2 0.7
v 0.2 0.2 0.6
v 0.2 0.2 0.5
v 0.2 0.2 0.4
v 0.2 0.2 0.3
v 0.2 0.2 0.2
v 0.3 1.9 -0.3
v 0.3 1.9 -0.4
v 0.3 2 -0.3
v 0.3 2 -0.4
v 0.3 2.1 -0.3
v 0.3 2.1 -0.4
v 0.4 0.1 1.1
v 0.4 0.1 1
v 0.4 0.1 0.9
v 0.4 0.1 0.8
v 0.4 0.1 0.7
v 0.4 0.1 0.6
v 0.4 0.1 0.5
v 0.4 0.1 0.4
v 0.4 0.1 0.3
v 0.4 0.1 0.2
v 0.4 0.1 0.0999999
v 0.4 0.1 -1.19209e-07
v 0.4 0.2 1.1
v 0.4 0.2 1
v 0.4 0.2 0.9
v 0.4 0.2 0.8
v 0.4 0.2 0.7
v 0.4 0.2 0.6
v 0.4 0.2 0.5
v 0.4 0.2 0.4
v 0.4 0.2 0.3
v 0.4 0.2 0.2
v 0.4 0.2 0.0999999
v 0.4 0.2 -1.19209e-07
v 0.4 1.8 -1.19209e-07
v 0.4 1.8 -0.1
v 0.4 1.8 -0.3
v 0.4 1.8 -0.4
v 0.4 1.9 -1.19209e-07
v 0.4 1.9 -0.1
v 0.4 1.9 -0.3
v 0.4 1.9 -0.4
v 0.4 2 0.3
v 0.4 2 -1.19209e-07
v 0.4 2.1 -1.19209e-07
v 0.4 2.1 -0.1
v 0.4 2.1 -0.3
v 0.4 2.1 -0.4
v 0.4 2.2 0.3
v 0.4 2.2 0.0999999
v 0.4 2.2 -0.1
v 0.4 2.2 -0.3
v 0.4 2.2 -0.4
v 0.4 2.7 0.3
v 0.4 2.7 0.0999999
v 0.5 1.6 0.3
v 0.5 1.6 0.2
v 0.5 2 0.3
v 0.5 2 0.2
v 0.6 0.1 1.1
v 0.6 0.1 1
v 0.6 0.1 0.9
v 0.6 0.1 0.8
v 0.6 0.1 0.7
v 0.6 0.1 0.6
v 0.6 0.1 0.5
v 0.6 0.1 0.4
v 0.6 0.1 0.3
v 0.6 0.1 0.2
v 0.6 0.1 0.0999999
v 0.6 0.1 -1.19209e-07
v 0.6 0.2 1.1
v 0.6 0.2 1
v 0.6 0.2 0.9
v 0.6 0.2 0.8
v 0.6 0.2 0.7
v 0.6 0.2 0.6
v 0.6 0.2 0.5
v 0.6 0.2 0.4
v 0.6 0.2 0.3
v 0.6 0.2 0.2
v 0.6 0.2 0.0999999
v 0.6 0.2 -1.19209e-07
v 0.8 0.1 1.1
v 0.8 0.1 1
v 0.8 0.1 0.9
v 0.8 0.1 0.8
v 0.8 0.1 0.7
v 0.8 0.1 0.6
v 0.8 0.1 0.5
v 0.8 0.1 0.4
v 0.8 0.1 0.3
v 0.8 0.1 0.2
v 0.8 0.1 0.0999999
v 0.8 0.1 -1.19209e-07
v 0.8 0.2 1.1
v 0.8 0.2 1
v 0.8 0.2 0.9
v 0.8 0.2 0.8
v 0.8 0.2 0.7
v 0.8 0.2 0.6
v 0.8 0.2 0.5
v 0.8 0.2 0.4
v 0.8 0.2 0.3
v 0.8 0.2 0.2
v 0.8 0.2 0.0999999
v 0.8 0.2 -1.19209e-07
v 0.9 1.9 -0.3
v 0.9 1.9 -0.4
v 0.9 2 -0.3
v 0.9 2 -0.4
v 0.9 2.1 -0.3
v 0.9 2.1 -0.4
v 1 0.1 1.1
v 1 0.1 1
v 1 0.1 0.9
v 1 0.1 0.8
v 1 0.1 0.7
v 1 0.1 0.6
v 1 0.1 0.5
v 1 0.1 0.4
v 1 0.1 0.3
v 1 0.1 0.2
v 1 0.1 0.0999999
v 1 0.1 -1.19209e-07
v 1 0.2 1.1
v 1 0.2 1
v 1 0.2 0.9
v 1 0.2 0.8
v 1 0.2 0.7
v 1 0.2 0.6
v 1 0.2 0.5
v 1 0.2 0.4
v 1 0.2 0.3
v 1 0.2 0.2
v 1 0.2 0.0999999
v 1 0.2 -1.19209e-07
v 1 1.8 -1.19209e-07
v 1 1.8 -0.1
v 1 1.8 -0.3
v 1 1.8 -0.4
v 1 1.9 -1.19209e-07
v 1 1.9 -0.1
v 1 1.9 -0.3
v 1 1.9 -0.4
v 1 2 0.3
v 1 2 -1.19209e-07
v 1 2.1 -1.19209e-07
v 1 2.1 -0.1
v 1 2.1 -0.3
v 1 2.1 -0.4
v 1 2.2 0.3
v 1 2.2 0.0999999
v 1 2.2 -0.1
v 1 2.2 -0.3
v 1 2.2 -0.4
v 1 2.7 0.3
v 1 2.7 0.0999999
v 1.1 1.6 0.3
v 1.1 1.6 0.2
v 1.1 2 0.3
v 1.1 2 0.2
v 1.2 0.1 1.1
v 1.2 0.1 1
v 1.2 0.1 0.9
v 1.2 0.1 0.8
v 1.2 0.1 0.7
v 1.2 0.1 0.6
v 1.2 0.1 0.5
v 1.2 0.1 0.4
v 1.2 0.1 0.3
v 1.2 0.1 0.2
v 1.2 0.1 0.0999999
v 1.2 0.1 -1.19209e-07
v 1.2 0.2 1.1
v 1.2 0.2 1
v 1.2 0.2 0.9
v 1.2 0.2 0.8
v 1.2 0.2 0.7
v 1.2 0.2 0.6
v 1.2 0.2 0.5
v 1.2 0.2 0.4
v 1.2 0.2 0.3
v 1.2 0.2 0.2
v 1.2 0.2 0.0999999
v 1.2 0.2 -1.19209e-07
v 1.4 0.1 0.9
v 1.4 0.1 0.8
v 1.4 0.1 0.7
v 1.4 0.1 0.6
v 1.4 0.1 0.5
v 1.4 0.1 0.4
v 1.4 0.1 0.3
v 1.4 0.1 0.2
v 1.4 0.2 0.9
v 1.4 0.2 0.8
v 1.4 0.2 0.7
v 1.4 0.2 0.6
v 1.4 0.2 0.5
v 1.4 0.2 0.4
v 1.4 0.2 0.3
v 1.4 0.2 0.2
v 1.4 2.1 -1.19209e-07
v 1.4 2.1 -0.1
v 1.4 2.1 -0.2
v 1.4 2.1 -0.3
v 1.4 2.2 -1.19209e-07
v 1.4 2.2 -0.1
v 1.4 2.2 -0.2
v 1.4 2.2 -0.3
v -1.4 0.1 0.9
v -1.4 0.1 0.8
v -1.4 0.1 0.7
v -1.4 0.1 0.6
v -1.4 0.1 0.5
v -1.4 0.1 0.4
v -1.4 0.1 0.3
v -1.4 0.1 0.2
v -1.4 0.2 0.9
v -1.4 0.2 0.8
v -1.4 0.2 0.7
v -1.4 0.2 0.6
v -1.4 0.2 0.5
v -1.4 0.2 0.4
v -1.4 0.2 0.3
v -1.4 0.2 0.2
v -1.4 2.1 -1.19209e-07
v -1.4 2.1 -0.1
v -1.4 2.1 -0.2
v -1.4 2.1 -0.3
v -1.4 2.2 -1.19209e-07
v -1.4 2.2 -0.1
v -1.4 2.2 -0.2
v -1.4 2.2 -0.3
v -1.2 0.1 1.1
v -1.2 0.1 1
v -1.2 0.1 0.9
v -1.2 0.1 0.8
v -1.2 0.1 0.7
v -1.2 0.1 0.6
v -1.2 0.1 0.5
v -1.2 0.1 0.4
v -1.2 0.1 0.3
v -1.2 0.1 0.2
v -1.2 0.1 0.0999999
v -1.2 0.1 -1.19209e-07
v -1.2 0.2 1.1
v -1.2 0.2 1
v -1.2 0.2 0.9
v -1.2 0.2 0.8
v -1.2 0.2 0.7
v -1.2 0.2 0.6
v -1.2 0.2 0.5
v -1.2 0.2 0.4
v -1.2 0.2 0.3
v -1.2 0.2 0.2
v -1.2 0.2 0.0999999
v -1.2 0.2 -1.19209e-07
v -1.1 1.6 0.3
v -1.1 1.6 0.2
v -1.1 2 0.3
v -1.1 2 0.2
v -1 0.1 1.1
v -1 0.1 1
v -1 0.1 0.9
v -1 0.1 0.8
v -1 0.1 0.7
v -1 0.1 0.6
v -1 0.1 0.5
v -1 0.1 0.4
v -1 0.1 0.3
v -1 0.1 0.2
v -1 0.1 0.0999999
v -1 0.1 -1.19209e-07
v -1 0.2 1.1
v -1 0.2 1
v -1 0.2 0.9
v -1 0.2 0.8
v -1 0.2 0.7
v -1 0.2 0.6
v -1 0.2 0.5
v -1 0.2 0.4
v -1 0.2 0.3
v -1 0.2 0.2
v -1 0.2 0.0999999
v -1 0.2 -1.19209e-07
v -1 1.8 -1.19209e-07
v -1 1.8 -0.1
v -1 1.8 -0.3
v -1 1.8 -0.4
v -1 1.9 -1.19209e-07
v -1 1.9 -0.1
v -1 1.9 -0.3
v -1 1.9 -0.4
v -1 2 0.3
v -1 2 -1.19209e-07
v -1 2.1 -1.19209e-07
v -1 2.1 -0.1
v -1 2.1 -0.3
v -1 2.1 -0.4
v -1 2.2 0.3
v -1 2.2 0.0999999
v -1 2.2 -0.1
v -1 2.2 -0.3
v -1 2.2 -0.4
v -1 2.7 0.3
v -1 2.7 0.0999999
v -0.9 1.9 -0.3
v -0.9 1.9 -0.4
v -0.9 2.1 -0.3
v -0.9 2.1 -0.4
v -0.8 0.1 1.1
v -0.8 0.1 1
v -0.8 0.1 0.9
v -0.8 0.1 0.8
v -0.8 0.1 0.7
v -0.8 0.1 0.6
v -0.8 0.1 0.5
v -0.8 0.1 0.4
v -0.8 0.1 0.3
v -0.8 0.1 0.2
v -0.8 0.1 0.0999999
v -0.8 0.1 -1.19209e-07
v -0.8 0.2 1.1
v -0.8 0.2 1
v -0.8 0.2 0.9
v -0.8 0.2 0.8
v -0.8 0.2 0.7
v -0.8 0.2 0.6
v -0.8 0.2 0.5
v -0.8 0.2 0.4
v -0.8 0.2 0.3
v -0.8 0.2 0.2
v -0.8 0.2 0.0999999
v -0.8 0.2 -1.19209e-07
v -0.6 0.1 1.1
v -0.6 0.1 1
v -0.6 0.1 0.9
v -0.6 0.1 0.8
v -0.6 0.1 0.7
v -0.6 0.1 0.6
v -0.6 0.1 0.5
v -0.6 0.1 0.4
v -0.6 0.1 0.3
v -0.6 0.1 0.2
v -0.6 0.1 0.0999999
v -0.6 0.1 -1.19209e-07
v -0.6 0.2 1.1
v -0.6 0.2 1
v -0.6 0.2 0.9
v -0.6 0.2 0.8
v -0.6 0.2 0.7
v -0.6 0.2 0.6
v -0.6 0.2 0.5
v -0.6 0.2 0.4
v -0.6 0.2 0.3
v -0.6 0.2 0.2
v -0.6 0.2 0.0999999
v -0.6 0.2 -1.19209e-07
v -0.5 1.6 0.3
v -0.5 1.6 0.2
v -0.5 2 0.3
v -0.5 2 0.2
v -0.4 0.1 1.1
v -0.4 0.1 1
v -0.4 0.1 0.9
v -0.4 0.1 0.8
v -0.4 0.1 0.7
v -0.4 0.1 0.6
v -0.4 0.1 0.5
v -0.4 0.1 0.4
v -0.4 0.1 0.3
v -0.4 0.1 0.2
v -0.4 0.1 0.0999999
v -0.4 0.1 -1.19209e-07
v -0.4 0.2 1.1
v -0.4 0.2 1
v -0.4 0.2 0.9
v -0.4 0.2 0.8
v -0.4 0.2 0.7
v -0.4 0.2 0.6
v -0.4 0.2 0.5
v -0.4 0.2 0.4
v -0.4 0.2 0.3
v -0.4 0.2 0.2
v -0.4 0.2 0.0999999
v -0.4 0.2 -1.19209e-07
v -0.4 1.8 -1.19209e-07
v -0.4 1.8 -0.1
v -0.4 1.8 -0.3
v -0.4 1.8 -0.4
v -0.4 1.9 -1.19209e-07
v -0.4 1.9 -0.1
v -0.4 1.9 -0.3
v -0.4 1.9 -0.4
v -0.4 2 0.3
v -0.4 2 -1.19209e-07
v -0.4 2.1 -1.19209e-07
v -0.4 2.1 -0.1
v -0.4 2.1 -0.3
v -0.4 2.1 -0.4
v -0.4 2.2 0.3
v -0.4 2.2 0.0999999
v -0.4 2.2 -0.1
v -0.4 2.2 -0.3
v -0.4 2.2 -0.4
v -0.4 2.7 0.3
v -0.4 2.7 0.0999999
v -0.3 1.9 -0.3
v -0.3 1.9 -0.4
v -0.3 2 -0.3
v -0.3 2 -0.4
v -0.3 2.1 -0.3
v -0.3 2.1 -0.4
v -0.2 0.1 1.2
v -0.2 0.1 1.1
v -0.2 0.1 0.9
v -0.2 0.1 0.8
v -0.2 0.1 0.7
v -0.2 0.1 0.6
v -0.2 0.1 0.5
v -0.2 0.1 0.4
v -0.2 0.1 0.3
v -0.2 0.1 0.2
v -0.2 0.2 1.2
v -0.2 0.2 1.1
v -0.2 0.2 0.9
v -0.2 0.2 0.8
v -0.2 0.2 0.7
v -0.2 0.2 0.6
v -0.2 0.2 0.5
v -0.2 0.2 0.4
v -0.2 0.2 0.3
v -0.2 0.2 0.2
v -0.1 0.1 1.1
v -0.1 0.1 1
v -0.1 0.2 1.1
v -0.1 0.2 1
v 0.1 0.1 0.9
v 0.1 0.1 0.8
v 0.1 0.1 0.7
v 0.1 0.1 0.6
v 0.1 0.1 0.5
v 0.1 0.1 0.4
v 0.1 0.1 0.3
v 0.1 0.1 0.2
v 0.1 0.2 0.9
v 0.1 0.2 0.8
v 0.1 0.2 0.7
v 0.1 0.2 0.6
v 0.1 0.2 0.5
v 0.1 0.2 0.4
v 0.1 0.2 0.3
v 0.1 0.2 0.2
v 0.1 0.2 -1.19209e-07
v 0.1 0.2 -0.1
v 0.1 0.2 -0.2
v 0.1 0.2 -0.3
v 0.1 0.3 -1.19209e-07
v 0.1 0.3 -0.1
v 0.1 0.3 -0.2
v 0.1 0.3 -0.3
v 0.1 1.8 -0.2
v 0.1 1.8 -0.3
v 0.1 1.9 -1.19209e-07
v 0.1 1.9 -0.1
v 0.1 2.1 -1.19209e-07
v 0.1 2.1 -0.1
v 0.1 2.1 -0.2
v 0.1 2.1 -0.3
v 0.1 2.3 -1.19209e-07
v 0.1 2.3 -0.1
v 0.1 2.3 -0.2
v 0.1 2.3 -0.3
v 0.1 2.5 -0.1
v 0.1 2.5 -0.2
v 0.2 0.1 -0.3
v 0.2 0.1 -0.4
v 0.2 0.2 -0.1
v 0.2 0.2 -0.2
v 0.2 0.2 -0.3
v 0.2 0.2 -0.4
v 0.2 0.3 -0.1
v 0.2 0.3 -0.2
v 0.2 1.8 -0.1
v 0.2 1.8 -0.2
v 0.2 1.8 -0.3
v 0.2 1.9 -0.2
v 0.2 1.9 -0.3
v 0.2 2.2 -0.1
v 0.2 2.2 -0.2
v 0.2 2.3 -0.1
v 0.2 2.3 -0.2
v 0.3 0 -0.4
v 0.3 0 -0.5
v 0.3 0.1 1.1
v 0.3 0.1 1
v 0.3 0.1 0.9
v 0.3 0.1 0.8
v 0.3 0.1 0.7
v 0.3 0.1 0.6
v 0.3 0.1 0.5
v 0.3 0.1 0.4
v 0.3 0.1 0.3
v 0.3 0.1 0.2
v 0.3 0.1 0.0999999
v 0.3 0.1 -1.19209e-07
v 0.3 0.1 -0.1
v 0.3 0.1 -0.3
v 0.3 0.1 -0.4
v 0.3 0.1 -0.5
v 0.3 0.2 1.1
v 0.3 0.2 1
v 0.3 0.2 0.9
v 0.3 0.2 0.8
v 0.3 0.2 0.7
v 0.3 0.2 0.6
v 0.3 0.2 0.5
v 0.3 0.2 0.4
v 0.3 0.2 0.3
v 0.3 0.2 0.2
v 0.3 0.2 0.0999999
v 0.3 0.2 -1.19209e-07
v 0.3 0.2 -0.1
v 0.3 0.2 -0.3
v 0.4 0 -0.1
v 0.4 0 -0.4
v 0.4 0.1 -0.1
v 0.4 0.1 -0.4
v 0.5 0.1 1.1
v 0.5 0.1 1
v 0.5 0.1 0.9
v 0.5 0.1 0.8
v 0.5 0.1 0.7
v 0.5 0.1 0.6
v 0.5 0.1 0.5
v 0.5 0.1 0.4
v 0.5 0.1 0.3
v 0.5 0.1 0.2
v 0.5 0.1 0.0999999
v 0.5 0.1 -1.19209e-07
v 0.5 0.2 1.1
v 0.5 0.2 1
v 0.5 0.2 0.9
v 0.5 0.2 0.8
v 0.5 0.2 0.7
v 0.5 0.2 0.6
v 0.5 0.2 0.5
v 0.5 0.2 0.4
v 0.5 0.2 0.3
v 0.5 0.2 0.2
v 0.5 0.2 0.0999999
v 0.5 0.2 -1.19209e-07
v 0.6 1.6 0.3
v 0.6 1.6 0.2
v 0.6 1.8 -1.19209e-07
v 0.6 1.8 -0.1
v 0.6 1.8 -0.3
v 0.6 1.8 -0.4
v 0.6 1.9 -1.19209e-07
v 0.6 1.9 -0.1
v 0.6 1.9 -0.3
v 0.6 1.9 -0.4
v 0.6 2 0.3
v 0.6 2 0.2
v 0.6 2 -1.19209e-07
v 0.6 2.1 -1.19209e-07
v 0.6 2.1 -0.1
v 0.6 2.1 -0.3
v 0.6 2.1 -0.4
v 0.6 2.2 0.3
v 0.6 2.2 0.0999999
v 0.6 2.2 -0.1
v 0.6 2.2 -0.3
v 0.6 2.2 -0.4
v 0.6 2.7 0.3
v 0.6 2.7 0.0999999
v 0.7 0.1 1.1
v 0.7 0.1 1
v 0.7 0.1 0.9
v 0.7 0.1 0.8
v 0.7 0.1 0.7
v 0.7 0.1 0.6
v 0.7 0.1 0.5
v 0.7 0.1 0.4
v 0.7 0.1 0.3
v 0.7 0.1 0.2
v 0.7 0.1 0.0999999
v 0.7 0.1 -1.19209e-07
v 0.7 0.2 1.1
v 0.7 0.2 1
v 0.7 0.2 0.9
v 0.7 0.2 0.8
v 0.7 0.2 0.7
v 0.7 0.2 0.6
v 0.7 0.2 0.5
v 0.7 0.2 0.4
v 0.7 0.2 0.3
v 0.7 0.2 0.2
v 0.7 0.2 0.0999999
v 0.7 0.2 -1.19209e-07
v 0.7 1.9 -0.3
v 0.7 1.9 -0.4
v 0.7 2 -0.3
v 0.7 2 -0.4
v 0.7 2.1 -0.3
v 0.7 2.1 -0.4
v 0.9 0.1 1.1
v 0.9 0.1 1
v 0.9 0.1 0.9
v 0.9 0.1 0.8
v 0.9 0.1 0.7
v 0.9 0.1 0.6
v 0.9 0.1 0.5
v 0.9 0.1 0.4
v 0.9 0.1 0.3
v 0.9 0.1 0.2
v 0.9 0.1 0.0999999
v 0.9 0.1 -1.19209e-07
v 0.9 0.2 1.1
v 0.9 0.2 1
v 0.9 0.2 0.9
v 0.9 0.2 0.8
v 0.9 0.2 0.7
v 0.9 0.2 0.6
v 0.9 0.2 0.5
v 0.9 0.2 0.4
v 0.9 0.2 0.3
v 0.9 0.2 0.2
v 0.9 0.2 0.0999999
v 0.9 0.2 -1.19209e-07
v 1.1 0.1 1.1
v 1.1 0.1 1
v 1.1 0.1 0.9
v 1.1 0.1 0.8
v 1.1 0.1 0.7
v 1.1 0.1 0.6
v 1.1 0.1 0.5
v 1.1 0.1 0.4
v 1.1 0.1 0.3
v 1.1 0.1 0.2
v 1.1 0.1 0.0999999
v 1.1 0.1 -1.19209e-07
v 1.1 0.2 1.1
v 1.1 0.2 1
v 1.1 0.2 0.9
v 1.1 0.2 0.8
v 1.1 0.2 0.7
v 1.1 0.2 0.6
v 1.1 0.2 0.5
v 1.1 0.2 0.4
v 1.1 0.2 0.3
v 1.1 0.2 0.2
v 1.1 0.2 0.0999999
v 1.1 0.2 -1.19209e-07
v 1.2 1.6 0.3
v 1.2 1.6 0.2
v 1.2 1.8 -1.19209e-07
v 1.2 1.8 -0.1
v 1.2 1.8 -0.3
v 1.2 1.8 -0.4
v 1.2 1.9 -1.19209e-07
v 1.2 1.9 -0.1
v 1.2 1.9 -0.3
v 1.2 1.9 -0.4
v 1.2 2 0.3
v 1.2 2 0.2
v 1.2 2 -1.19209e-07
v 1.2 2.1 -1.19209e-07
v 1.2 2.1 -0.1
v 1.2 2.1 -0.3
v 1.2 2.1 -0.4
v 1.2 2.2 0.3
v 1.2 2.2 0.0999999
v 1.2 2.2 -0.1
v 1.2 2.2 -0.3
v 1.2 2.2 -0.4
v 1.2 2.7 0.3
v 1.2 2.7 0.0999999
v 1.3 0.1 0.9
v 1.3 0.1 0.8
v 1.3 0.1 0.7
v 1.3 0.1 0.6
v 1.3 0.1 0.5
v 1.3 0.1 0.4
v 1.3 0.1 0.3
v 1.3 0.1 0.2
v 1.3 0.2 0.9
v 1.3 0.2 0.8
v 1.3 0.2 0.7
v 1.3 0.2 0.6
v 1.3 0.2 0.5
v 1.3 0.2 0.4
v 1.3 0.2 0.3
v 1.3 0.2 0.2
v 1.3 1.9 -0.3
v 1.3 1.9 -0.4
v 1.3 2 -0.3
v 1.3 2 -0.4
v 1.3 2.1 -0.3
v 1.3 2.1 -0.4
v 1.4 0.1 1.2
v 1.4 0.1 1.1
v 1.4 0.1 -1.19209e-07
v 1.4 0.1 -0.1
v 1.4 0.2 1.2
v 1.4 0.2 1.1
v 1.4 0.2 -1.19209e-07
v 1.4 0.2 -0.1
v 1.4 1.8 -0.1
v 1.4 1.8 -0.2
v 1.4 1.9 -1.19209e-07
v 1.4 1.9 -0.1
v 1.4 1.9 -0.2
v 1.4 1.9 -0.3
v 1.4 2 -1.19209e-07
v 1.4 2 -0.1
v 1.4 2 -0.2
v 1.4 2 -0.3
v 1.5 0 1.2
v 1.5 0 -0.1
v 1.5 0.1 1.2
v 1.5 0.1 1.1
v 1.5 0.1 -1.19209e-07
v 1.5 0.1 -0.1
v 1.5 0.2 1.1
v 1.5 0.2 -1.19209e-07
v 1.6 1.9 -0.1
v 1.6 1.9 -0.2
v 1.6 2 -1.19209e-07
v 1.6 2 -0.1
v 1.6 2 -0.2
v 1.6 2 -0.3
v 1.6 2.2 -1.19209e-07
v 1.6 2.2 -0.3
v -1.5 0 1.2
v -1.5 0.1 1.2
v -1.4 0.1 1.2
v -1.4 0.2 1.2
v -0.2 0.1 1.2
v -0.2 0.2 1.2
v 0.2 0.1 1.2
v 0.2 0.2 1.2
v 1.4 0.1 1.2
v 1.4 0.2 1.2
v 1.5 0 1.2
v 1.5 0.1 1.2
v -1.5 0.1 1.1
v -1.5 0.2 1.1
v -1.4 0.1 1.1
v -1.4 0.2 1.1
v -0.2 0.1 1.1
v -0.2 0.2 1.1
v -0.1 0.1 1.1
v -0.1 0.2 1.1
v 0.1 0.1 1.1
v 0.1 0.2 1.1
v 0.2 0.1 1.1
v 0.2 0.2 1.1
v 1.4 0.1 1.1
v 1.4 0.2 1.1
v 1.5 0.1 1.1
v 1.5 0.2 1.1
v -1.2 0.1 1
v -1.2 0.2 1
v -1.1 0.1 1
v -1.1 0.2 1
v -1 0.1 1
v -1 0.2 1
v -0.9 0.1 1
v -0.9 0.2 1
v -0.8 0.1 1
v -0.8 0.2 1
v -0.7 0.1 1
v -0.7 0.2 1
v -0.6 0.1 1
v -0.6 0.2 1
v -0.5 0.1 1
v -0.5 0.2 1
v -0.4 0.1 1
v -0.4 0.2 1
v -0.3 0.1 1
v -0.3 0.2 1
v -0.1 0.1 1
v -0.1 0.2 1
v 0.1 0.1 1
v 0.1 0.2 1
v 0.3 0.1 1
v 0.3 0.2 1
v 0.4 0.1 1
v 0.4 0.2 1
v 0.5 0.1 1
v 0.5 0.2 1
v 0.6 0.1 1
v 0.6 0.2 1
v 0.7 0.1 1
v 0.7 0.2 1
v 0.8 0.1 1
v 0.8 0.2 1
v 0.9 0.1 1
v 0.9 0.2 1
v 1 0.1 1
v 1 0.2 1
v 1.1 0.1 1
v 1.1 0.2 1
v 1.2 0.1 1
v 1.2 0.2 1
v -1.4 0.1 0.8
v -1.4 0.2 0.8
v -1.3 0.1 0.8
v -1.3 0.2 0.8
v -1.2 0.1 0.8
v -1.2 0.2 0.8
v -1.1 0.1 0.8
v -1.1 0.2 0.8
v -1 0.1 0.8
v -1 0.2 0.8
v -0.9 0.1 0.8
v -0.9 0.2 0.8
v -0.8 0.1 0.8
v -0.8 0.2 0.8
v -0.7 0.1 0.8
v -0.7 0.2 0.8
v -0.6 0.1 0.8
v -0.6 0.2 0.8
v -0.5 0.1 0.8
v -0.5 0.2 0.8
v -0.4 0.1 0.8
v -0.4 0.2 0.8
v -0.3 0.1 0.8
v -0.3 0.2 0.8
v -0.2 0.1 0.8
v -0.2 0.2 0.8
v -0.1 0.1 0.8
v -0.1 0.2 0.8
v 0.1 0.1 0.8
v 0.1 0.2 0.8
v 0.2 0.1 0.8
v 0.2 0.2 0.8
v 0.3 0.1 0.8
v 0.3 0.2 0.8
v 0.4 0.1 0.8
v 0.4 0.2 0.8
v 0.5 0.1 0.8
v 0.5 0.2 0.8
v 0.6 0.1 0.8
v 0.6 0.2 0.8
v 0.7 0.1 0.8
v 0.7 0.2 0.8
v 0.8 0.1 0.8
v 0.8 0.2 0.8
v 0.9 0.1 0.8
v 0.9 0.2 0.8
v 1 0.1 0.8
v 1 0.2 0.8
v 1.1 0.1 0.8
v 1.1 0.2 0.8
v 1.2 0.1 0.8
v 1.2 0.2 0.8
v 1.3 0.1 0.8
v 1.3 0.2 0.8
v 1.4 0.1 0.8
v 1.4 0.2 0.8
v -1.4 0.1 0.6
v -1.4 0.2 0.6
v -1.3 0.1 0.6
v -1.3 0.2 0.6
v -1.2 0.1 0.6
v -1.2 0.2 0.6
v -1.1 0.1 0.6
v -1.1 0.2 0.6
v -1 0.1 0.6
v -1 0.2 0.6
v -0.9 0.1 0.6
v -0.9 0.2 0.6
v -0.8 0.1 0.6
v -0.8 0.2 0.6
v -0.7 0.1 0.6
v -0.7 0.2 0.6
v -0.6 0.1 0.6
v -0.6 0.2 0.6
v -0.5 0.1 0.6
v -0.5 0.2 0.6
v -0.4 0.1 0.6
v -0.4 0.2 0.6
v -0.3 0.1 0.6
v -0.3 0.2 0.6
v -0.2 0.1 0.6
v -0.2 0.2 0.6
v -0.1 0.1 0.6
v -0.1 0.2 0.6
v 0.1 0.1 0.6
v 0.1 0.2 0.6
v 0.2 0.1 0.6
v 0.2 0.2 0.6
v 0.3 0.1 0.6
v 0.3 0.2 0.6
v 0.4 0.1 0.6
v 0.4 0.2 0.6
v 0.5 0.1 0.6
v 0.5 0.2 0.6
v 0.6 0.1 0.6
v 0.6 0.2 0.6
v 0.7 0.1 0.6
v 0.7 0.2 0.6
v 0.8 0.1 0.6
v 0.8 0.2 0.6
v 0.9 0.1 0.6
v 0.9 0.2 0.6
v 1 0.1 0.6
v 1 0.2 0.6
v 1.1 0.1 0.6
v 1.1 0.2 0.6
v 1.2 0.1 0.6
v 1.2 0.2 0.6
v 1.3 0.1 0.6
v 1.3 0.2 0.6
v 1.4 0.1 0.6
v 1.4 0.2 0.6
v -1.4 0.1 0.4
v -1.4 0.2 0.4
v -1.3 0.1 0.4
v -1.3 0.2 0.4
v -1.2 0.1 0.4
v -1.2 0.2 0.4
v -1.1 0.1 0.4
v -1.1 0.2 0.4
v -1 0.1 0.4
v -1 0.2 0.4
v -0.9 0.1 0.4
v -0.9 0.2 0.4
v -0.8 0.1 0.4
v -0.8 0.2 0.4
v -0.7 0.1 0.4
v -0.7 0.2 0.4
v -0.6 0.1 0.4
v -0.6 0.2 0.4
v -0.5 0.1 0.4
v -0.5 0.2 0.4
v -0.4 0.1 0.4
v -0.4 0.2 0.4
v -0.3 0.1 0.4
v -0.3 0.2 0.4
v -0.2 0.1 0.4
v -0.2 0.2 0.4
v -0.1 0.1 0.4
v -0.1 0.2 0.4
v 0.1 0.1 0.4
v 0.1 0.2 0.4
v 0.2 0.1 0.4
v 0.2 0.2 0.4
v 0.3 0.1 0.4
v 0.3 0.2 0.4
v 0.4 0.1 0.4
v 0.4 0.2 0.4
v 0.5 0.1 0.4
v 0.5 0.2 0.4
v 0.6 0.1 0.4
v 0.6 0.2 0.4
v 0.7 0.1 0.4
v 0.7 0.2 0.4
v 0.8 0.1 0.4
v 0.8 0.2 0.4
v 0.9 0.1 0.4
v 0.9 0.2 0.4
v 1 0.1 0.4
v 1 0.2 0.4
v 1.1 0.1 0.4
v 1.1 0.2 0.4
v 1.2 0.1 0.4
v 1.2 0.2 0.4
v 1.3 0.1 0.4
v 1.3 0.2 0.4
v 1.4 0.1 0.4
v 1.4 0.2 0.4
v -1.2 1.6 0.3
v -1.2 2 0.3
v -1.2 2.2 0.3
v -1.2 2.7 0.3
v -1.1 1.6 0.3
v -1.1 2 0.3
v -1 2 0.3
v -1 2.2 0.3
v -1 2.7 0.3
v -0.6 1.6 0.3
v -0.6 2 0.3
v -0.6 2.2 0.3
v -0.6 2.7 0.3
v -0.5 1.6 0.3
v -0.5 2 0.3
v -0.4 2 0.3
v -0.4 2.2 0.3
v -0.4 2.7 0.3
v 0.4 2 0.3
v 0.4 2.2 0.3
v 0.4 2.7 0.3
v 0.5 1.6 0.3
v 0.5 2 0.3
v 0.6 1.6 0.3
v 0.6 2 0.3
v 0.6 2.2 0.3
v 0.6 2.7 0.3
v 1 2 0.3
v 1 2.2 0.3
v 1 2.7 0.3
v 1.1 1.6 0.3
v 1.1 2 0.3
v 1.2 1.6 0.3
v 1.2 2 0.3
v 1.2 2.2 0.3
v 1.2 2.7 0.3
v -1.4 0.1 0.2
v -1.4 0.2 0.2
v -1.3 0.1 0.2
v -1.3 0.2 0.2
v -1.2 0.1 0.2
v -1.2 0.2 0.2
v -1.1 0.1 0.2
v -1.1 0.2 0.2
v -1 0.1 0.2
v -1 0.2 0.2
v -0.9 0.1 0.2
v -0.9 0.2 0.2
v -0.8 0.1 0.2
v -0.8 0.2 0.2
v -0.7 0.1 0.2
v -0.7 0.2 0.2
v -0.6 0.1 0.2
v -0.6 0.2 0.2
v -0.5 0.1 0.2
v -0.5 0.2 0.2
v -0.4 0.1 0.2
v -0.4 0.2 0.2
v -0.3 0.1 0.2
v -0.3 0.2 0.2
v -0.2 0.1 0.2
v -0.2 0.2 0.2
v -0.1 0.1 0.2
v -0.1 0.2 0.2
v 0.1 0.1 0.2
v 0.1 0.2 0.2
v 0.2 0.1 0.2
v 0.2 0.2 0.2
v 0.3 0.1 0.2
v 0.3 0.2 0.2
v 0.4 0.1 0.2
v 0.4 0.2 0.2
v 0.5 0.1 0.2
v 0.5 0.2 0.2
v 0.6 0.1 0.2
v 0.6 0.2 0.2
v 0.7 0.1 0.2
v 0.7 0.2 0.2
v 0.8 0.1 0.2
v 0.8 0.2 0.2
v 0.9 0.1 0.2
v 0.9 0.2 0.2
v 1 0.1 0.2
v 1 0.2 0.2
v 1.1 0.1 0.2
v 1.1 0.2 0.2
v 1.2 0.1 0.2
v 1.2 0.2 0.2
v 1.3 0.1 0.2
v 1.3 0.2 0.2
v 1.4 0.1 0.2
v 1.4 0.2 0.2
v -1.6 2 -1.19209e-07
v -1.6 2.2 -1.19209e-07
v -1.4 1.9 -1.19209e-07
v -1.4 2 -1.19209e-07
v -1.4 2.1 -1.19209e-07
v -1.4 2.2 -1.19209e-07
v -1.2 0.1 -1.19209e-07
v -1.2 0.2 -1.19209e-07
v -1.2 1.8 -1.19209e-07
v -1.2 1.9 -1.19209e-07
v -1.2 2 -1.19209e-07
v -1.2 2.1 -1.19209e-07
v -1.1 0.1 -1.19209e-07
v -1.1 0.2 -1.19209e-07
v -1 0.1 -1.19209e-07
v -1 0.2 -1.19209e-07
v -1 1.8 -1.19209e-07
v -1 1.9 -1.19209e-07
v -1 2 -1.19209e-07
v -1 2.1 -1.19209e-07
v -0.9 0.1 -1.19209e-07
v -0.9 0.2 -1.19209e-07
v -0.8 0.1 -1.19209e-07
v -0.8 0.2 -1.19209e-07
v -0.7 0.1 -1.19209e-07
v -0.7 0.2 -1.19209e-07
v -0.6 0.1 -1.19209e-07
v -0.6 0.2 -1.19209e-07
v -0.6 1.8 -1.19209e-07
v -0.6 1.9 -1.19209e-07
v -0.6 2 -1.19209e-07
v -0.6 2.1 -1.19209e-07
v -0.5 0.1 -1.19209e-07
v -0.5 0.2 -1.19209e-07
v -0.4 0.1 -1.19209e-07
v -0.4 0.2 -1.19209e-07
v -0.4 1.8 -1.19209e-07
v -0.4 1.9 -1.19209e-07
v -0.4 2 -1.19209e-07
v -0.4 2.1 -1.19209e-07
v -0.3 0.1 -1.19209e-07
v -0.3 0.2 -1.19209e-07
v -0.1 0.2 -1.19209e-07
v -0.1 0.3 -1.19209e-07
v -0.1 1.9 -1.19209e-07
v -0.1 2.1 -1.19209e-07
v -0.1 2.3 -1.19209e-07
v 0.1 0.2 -1.19209e-07
v 0.1 0.3 -1.19209e-07
v 0.1 1.9 -1.19209e-07
v 0.1 2.1 -1.19209e-07
v 0.1 2.3 -1.19209e-07
v 0.3 0.1 -1.19209e-07
v 0.3 0.2 -1.19209e-07
v 0.4 0.1 -1.19209e-07
v 0.4 0.2 -1.19209e-07
v 0.4 1.8 -1.19209e-07
v 0.4 1.9 -1.19209e-07
v 0.4 2 -1.19209e-07
v 0.4 2.1 -1.19209e-07
v 0.5 0.1 -1.19209e-07
v 0.5 0.2 -1.19209e-07
v 0.6 0.1 -1.19209e-07
v 0.6 0.2 -1.19209e-07
v 0.6 1.8 -1.19209e-07
v 0.6 1.9 -1.19209e-07
v 0.6 2 -1.19209e-07
v 0.6 2.1 -1.19209e-07
v 0.7 0.1 -1.19209e-07
v 0.7 0.2 -1.19209e-07
v 0.8 0.1 -1.19209e-07
v 0.8 0.2 -1.19209e-07
v 0.9 0.1 -1.19209e-07
v 0.9 0.2 -1.19209e-07
v 1 0.1 -1.19209e-07
v 1 0.2 -1.19209e-07
v 1 1.8 -1.19209e-07
v 1 1.9 -1.19209e-07
v 1 2 -1.19209e-07
v 1 2.1 -1.19209e-07
v 1.1 0.1 -1.19209e-07
v 1.1 0.2 -1.19209e-07
v 1.2 0.1 -1.19209e-07
v 1.2 0.2 -1.19209e-07
v 1.2 1.8 -1.19209e-07
v 1.2 1.9 -1.19209e-07
v 1.2 2 -1.19209e-07
v 1.2 2.1 -1.19209e-07
v 1.4 1.9 -1.19209e-07
v 1.4 2 -1.19209e-07
v 1.4 2.1 -1.19209e-07
v 1.4 2.2 -1.19209e-07
v 1.6 2 -1.19209e-07
v 1.6 2.2 -1.19209e-07
v -1.6 1.9 -0.1
v -1.6 2 -0.1
v -1.4 1.8 -0.1
v -1.4 1.9 -0.1
v -1.4 2 -0.1
v -1.4 2.1 -0.1
v -1.4 2.2 -0.1
v -1.2 1.8 -0.1
v -1.2 1.9 -0.1
v -1.2 2.1 -0.1
v -1.2 2.2 -0.1
v -1 1.8 -0.1
v -1 1.9 -0.1
v -1 2.1 -0.1
v -1 2.2 -0.1
v -0.6 1.8 -0.1
v -0.6 1.9 -0.1
v -0.6 2.1 -0.1
v -0.6 2.2 -0.1
v -0.4 1.8 -0.1
v -0.4 1.9 -0.1
v -0.4 2.1 -0.1
v -0.4 2.2 -0.1
v -0.2 0.2 -0.1
v -0.2 0.3 -0.1
v -0.2 1.8 -0.1
v -0.2 2.2 -0.1
v -0.2 2.3 -0.1
v -0.1 0.2 -0.1
v -0.1 0.3 -0.1
v -0.1 1.9 -0.1
v -0.1 2.1 -0.1
v -0.1 2.3 -0.1
v -0.1 2.5 -0.1
v 0.1 0.2 -0.1
v 0.1 0.3 -0.1
v 0.1 1.9 -0.1
v 0.1 2.1 -0.1
v 0.1 2.3 -0.1
v 0.1 2.5 -0.1
v 0.2 0.2 -0.1
v 0.2 0.3 -0.1
v 0.2 1.8 -0.1
v 0.2 2.2 -0.1
v 0.2 2.3 -0.1
v 0.4 1.8 -0.1
v 0.4 1.9 -0.1
v 0.4 2.1 -0.1
v 0.4 2.2 -0.1
v 0.6 1.8 -0.1
v 0.6 1.9 -0.1
v 0.6 2.1 -0.1
v 0.6 2.2 -0.1
v 1 1.8 -0.1
v 1 1.9 -0.1
v 1 2.1 -0.1
v 1 2.2 -0.1
v 1.2 1.8 -0.1
v 1.2 1.9 -0.1
v 1.2 2.1 -0.1
v 1.2 2.2 -0.1
v 1.4 1.8 -0.1
v 1.4 1.9 -0.1
v 1.4 2 -0.1
v 1.4 2.1 -0.1
v 1.4 2.2 -0.1
v 1.6 1.9 -0.1
v 1.6 2 -0.1
v -1.2 1.8 -0.3
v -1.2 1.9 -0.3
v -1.2 2.1 -0.3
v -1.2 2.2 -0.3
v -1 1.8 -0.3
v -1 1.9 -0.3
v -1 2.1 -0.3
v -1 2.2 -0.3
v -0.6 1.8 -0.3
v -0.6 1.9 -0.3
v -0.6 2.1 -0.3
v -0.6 2.2 -0.3
v -0.4 1.8 -0.3
v -0.4 1.9 -0.3
v -0.4 2.1 -0.3
v -0.4 2.2 -0.3
v 0.4 1.8 -0.3
v 0.4 1.9 -0.3
v 0.4 2.1 -0.3
v 0.4 2.2 -0.3
v 0.6 1.8 -0.3
v 0.6 1.9 -0.3
v 0.6 2.1 -0.3
v 0.6 2.2 -0.3
v 1 1.8 -0.3
v 1 1.9 -0.3
v 1 2.1 -0.3
v 1 2.2 -0.3
v 1.1 2.1 -0.3
v 1.1 2.2 -0.3
v 1.2 1.8 -0.3
v 1.2 1.9 -0.3
v 1.2 2.1 -0.3
v 1.2 2.2 -0.3
v -1.2 0.1 1.1
v -1.2 0.2 1.1
v -1.1 0.1 1.1
v -1.1 0.2 1.1
v -1 0.1 1.1
v -1 0.2 1.1
v -0.9 0.1 1.1
v -0.9 0.2 1.1
v -0.8 0.1 1.1
v -0.8 0.2 1.1
v -0.7 0.1 1.1
v -0.7 0.2 1.1
v -0.6 0.1 1.1
v -0.6 0.2 1.1
v -0.5 0.1 1.1
v -0.5 0.2 1.1
v -0.4 0.1 1.1
v -0.4 0.2 1.1
v -0.3 0.1 1.1
v -0.3 0.2 1.1
v 0.3 0.1 1.1
v 0.3 0.2 1.1
v 0.4 0.1 1.1
v 0.4 0.2 1.1
v 0.5 0.1 1.1
v 0.5 0.2 1.1
v 0.6 0.1 1.1
v 0.6 0.2 1.1
v 0.7 0.1 1.1
v 0.7 0.2 1.1
v 0.8 0.1 1.1
v 0.8 0.2 1.1
v 0.9 0.1 1.1
v 0.9 0.2 1.1
v 1 0.1 1.1
v 1 0.2 1.1
v 1.1 0.1 1.1
v 1.1 0.2 1.1
v 1.2 0.1 1.1
v 1.2 0.2 1.1
v -1.4 0.1 0.9
v -1.4 0.2 0.9
v -1.3 0.1 0.9
v -1.3 0.2 0.9
v -1.2 0.1 0.9
v -1.2 0.2 0.9
v -1.1 0.1 0.9
v -1.1 0.2 0.9
v -1 0.1 0.9
v -1 0.2 0.9
v -0.9 0.1 0.9
v -0.9 0.2 0.9
v -0.8 0.1 0.9
v -0.8 0.2 0.9
v -0.7 0.1 0.9
v -0.7 0.2 0.9
v -0.6 0.1 0.9
v -0.6 0.2 0.9
v -0.5 0.1 0.9
v -0.5 0.2 0.9
v -0.4 0.1 0.9
v -0.4 0.2 0.9
v -0.3 0.1 0.9
v -0.3 0.2 0.9
v -0.2 0.1 0.9
v -0.2 0.2 0.9
v -0.1 0.1 0.9
v -0.1 0.2 0.9
v 0.1 0.1 0.9
v 0.1 0.2 0.9
v 0.2 0.1 0.9
v 0.2 0.2 0.9
v 0.3 0.1 0.9
v 0.3 0.2 0.9
v 0.4 0.1 0.9
v 0.4 0.2 0.9
v 0.5 0.1 0.9
v 0.5 0.2 0.9
v 0.6 0.1 0.9
v 0.6 0.2 0.9
v 0.7 0.1 0.9
v 0.7 0.2 0.9
v 0.8 0.1 0.9
v 0.8 0.2 0.9
v 0.9 0.1 0.9
v 0.9 0.2 0.9
v 1 0.1 0.9
v 1 0.2 0.9
v 1.1 0.1 0.9
v 1.1 0.2 0.9
v 1.2 0.1 0.9
v 1.2 0.2 0.9
v 1.3 0.1 0.9
v 1.3 0.2 0.9
v 1.4 0.1 0.9
v 1.4 0.2 0.9
v -1.4 0.1 0.7
v -1.4 0.2 0.7
v -1.3 0.1 0.7
v -1.3 0.2 0.7
v -1.2 0.1 0.7
v -1.2 0.2 0.7
v -1.1 0.1 0.7
v -1.1 0.2 0.7
v -1 0.1 0.7
v -1 0.2 0.7
v -0.9 0.1 0.7
v -0.9 0.2 0.7
v -0.8 0.1 0.7
v -0.8 0.2 0.7
v -0.7 0.1 0.7
v -0.7 0.2 0.7
v -0.6 0.1 0.7
v -0.6 0.2 0.7
v -0.5 0.1 0.7
v -0.5 0.2 0.7
v -0.4 0.1 0.7
v -0.4 0.2 0.7
v -0.3 0.1 0.7
v -0.3 0.2 0.7
v -0.2 0.1 0.7
v -0.2 0.2 0.7
v -0.1 0.1 0.7
v -0.1 0.2 0.7
v 0.1 0.1 0.7
v 0.1 0.2 0.7
v 0.2 0.1 0.7
v 0.2 0.2 0.7
v 0.3 0.1 0.7
v 0.3 0.2 0.7
v 0.4 0.1 0.7
v 0.4 0.2 0.7
v 0.5 0.1 0.7
v 0.5 0.2 0.7
v 0.6 0.1 0.7
v 0.6 0.2 0.7
v 0.7 0.1 0.7
v 0.7 0.2 0.7
v 0.8 0.1 0.7
v 0.8 0.2 0.7
v 0.9 0.1 0.7
v 0.9 0.2 0.7
v 1 0.1 0.7
v 1 0.2 0.7
v 1.1 0.1 0.7
v 1.1 0.2 0.7
v 1.2 0.1 0.7
v 1.2 0.2 0.7
v 1.3 0.1 0.7
v 1.3 0.2 0.7
v 1.4 0.1 0.7
v 1.4 0.2 0.7
v -1.4 0.1 0.5
v -1.4 0.2 0.5
v -1.3 0.1 0.5
v -1.3 0.2 0.5
v -1.2 0.1 0.5
v -1.2 0.2 0.5
v -1.1 0.1 0.5
v -1.1 0.2 0.5
v -1 0.1 0.5
v -1 0.2 0.5
v -0.9 0.1 0.5
v -0.9 0.2 0.5
v -0.8 0.1 0.5
v -0.8 0.2 0.5
v -0.7 0.1 0.5
v -0.7 0.2 0.5
v -0.6 0.1 0.5
v -0.6 0.2 0.5
v -0.5 0.1 0.5
v -0.5 0.2 0.5
v -0.4 0.1 0.5
v -0.4 0.2 0.5
v -0.3 0.1 0.5
v -0.3 0.2 0.5
v -0.2 0.1 0.5
v -0.2 0.2 0.5
v -0.1 0.1 0.5
v -0.1 0.2 0.5
v 0.1 0.1 0.5
v 0.1 0.2 0.5
v 0.2 0.1 0.5
v 0.2 0.2 0.5
v 0.3 0.1 0.5
v 0.3 0.2 0.5
v 0.4 0.1 0.5
v 0.4 0.2 0.5
v 0.5 0.1 0.5
v 0.5 0.2 0.5
v 0.6 0.1 0.5
v 0.6 0.2 0.5
v 0.7 0.1 0.5
v 0.7 0.2 0.5
v 0.8 0.1 0.5
v 0.8 0.2 0.5
v 0.9 0.1 0.5
v 0.9 0.2 0.5
v 1 0.1 0.5
v 1 0.2 0.5
v 1.1 0.1 0.5
v 1.1 0.2 0.5
v 1.2 0.1 0.5
v 1.2 0.2 0.5
v 1.3 0.1 0.5
v 1.3 0.2 0.5
v 1.4 0.1 0.5
v 1.4 0.2 0.5
v -1.4 0.1 0.3
v -1.4 0.2 0.3
v -1.3 0.1 0.3
v -1.3 0.2 0.3
v -1.2 0.1 0.3
v -1.2 0.2 0.3
v -1.1 0.1 0.3
v -1.1 0.2 0.3
v -1 0.1 0.3
v -1 0.2 0.3
v -0.9 0.1 0.3
v -0.9 0.2 0.3
v -0.8 0.1 0.3
v -0.8 0.2 0.3
v -0.7 0.1 0.3
v -0.7 0.2 0.3
v -0.6 0.1 0.3
v -0.6 0.2 0.3
v -0.5 0.1 0.3
v -0.5 0.2 0.3
v -0.4 0.1 0.3
v -0.4 0.2 0.3
v -0.3 0.1 0.3
v -0.3 0.2 0.3
v -0.2 0.1 0.3
v -0.2 0.2 0.3
v -0.1 0.1 0.3
v -0.1 0.2 0.3
v 0.1 0.1 0.3
v 0.1 0.2 0.3
v 0.2 0.1 0.3
v 0.2 0.2 0.3
v 0.3 0.1 0.3
v 0.3 0.2 0.3
v 0.4 0.1 0.3
v 0.4 0.2 0.3
v 0.5 0.1 0.3
v 0.5 0.2 0.3
v 0.6 0.1 0.3
v 0.6 0.2 0.3
v 0.7 0.1 0.3
v 0.7 0.2 0.3
v 0.8 0.1 0.3
v 0.8 0.2 0.3
v 0.9 0.1 0.3
v 0.9 0.2 0.3
v 1 0.1 0.3
v 1 0.2 0.3
v 1.1 0.1 0.3
v 1.1 0.2 0.3
v 1.2 0.1 0.3
v 1.2 0.2 0.3
v 1.3 0.1 0.3
v 1.3 0.2 0.3
v 1.4 0.1 0.3
v 1.4 0.2 0.3
v -1.2 1.6 0.2
v -1.2 2 0.2
v -1.1 1.6 0.2
v -1.1 2 0.2
v -0.6 1.6 0.2
v -0.6 2 0.2
v -0.5 1.6 0.2
v -0.5 2 0.2
v 0.5 1.6 0.2
v 0.5 2 0.2
v 0.6 1.6 0.2
v 0.6 2 0.2
v 1.1 1.6 0.2
v 1.1 2 0.2
v 1.2 1.6 0.2
v 1.2 2 0.2
v -1.2 0.1 0.0999999
v -1.2 0.2 0.0999999
v -1.2 2.2 0.0999999
v -1.2 2.7 0.0999999
v -1.1 0.1 0.0999999
v -1.1 0.2 0.0999999
v -1 0.1 0.0999999
v -1 0.2 0.0999999
v -1 2.2 0.0999999
v -1 2.7 0.0999999
v -0.9 0.1 0.0999999
v -0.9 0.2 0.0999999
v -0.8 0.1 0.0999999
v -0.8 0.2 0.0999999
v -0.7 0.1 0.0999999
v -0.7 0.2 0.0999999
v -0.6 0.1 0.0999999
v -0.6 0.2 0.0999999
v -0.6 2.2 0.0999999
v -0.6 2.7 0.0999999
v -0.5 0.1 0.0999999
v -0.5 0.2 0.0999999
v -0.4 0.1 0.0999999
v -0.4 0.2 0.0999999
v -0.4 2.2 0.0999999
v -0.4 2.7 0.0999999
v -0.3 0.1 0.0999999
v -0.3 0.2 0.0999999
v 0.3 0.1 0.0999999
v 0.3 0.2 0.0999999
v 0.4 0.1 0.0999999
v 0.4 0.2 0.0999999
v 0.4 2.2 0.0999999
v 0.4 2.7 0.0999999
v 0.5 0.1 0.0999999
v 0.5 0.2 0.0999999
v 0.6 0.1 0.0999999
v 0.6 0.2 0.0999999
v 0.6 2.2 0.0999999
v 0.6 2.7 0.0999999
v 0.7 0.1 0.0999999
v 0.7 0.2 0.0999999
v 0.8 0.1 0.0999999
v 0.8 0.2 0.0999999
v 0.9 0.1 0.0999999
v 0.9 0.2 0.0999999
v 1 0.1 0.0999999
v 1 0.2 0.0999999
v 1 2.2 0.0999999
v 1 2.7 0.0999999
v 1.1 0.1 0.0999999
v 1.1 0.2 0.0999999
v 1.2 0.1 0.0999999
v 1.2 0.2 0.0999999
v 1.2 2.2 0.0999999
v 1.2 2.7 0.0999999
v -1.5 0.1 -1.19209e-07
v -1.5 0.2 -1.19209e-07
v -1.4 0.1 -1.19209e-07
v -1.4 0.2 -1.19209e-07
v 1.4 0.1 -1.19209e-07
v 1.4 0.2 -1.19209e-07
v 1.5 0.1 -1.19209e-07
v 1.5 0.2 -1.19209e-07
v -1.5 0 -0.1
v -1.5 0.1 -0.1
v -1.4 0.1 -0.1
v -1.4 0.2 -0.1
v -0.4 0 -0.1
v -0.4 0.1 -0.1
v -0.3 0.1 -0.1
v -0.3 0.2 -0.1
v 0.3 0.1 -0.1
v 0.3 0.2 -0.1
v 0.4 0 -0.1
v 0.4 0.1 -0.1
v 1.4 0.1 -0.1
v 1.4 0.2 -0.1
v 1.5 0 -0.1
v 1.5 0.1 -0.1
v -1.6 1.9 -0.2
v -1.6 2 -0.2
v -1.4 1.8 -0.2
v -1.4 1.9 -0.2
v -1.4 2 -0.2
v -1.4 2.1 -0.2
v -1.4 2.2 -0.2
v -0.2 0.2 -0.2
v -0.2 0.3 -0.2
v -0.2 1.8 -0.2
v -0.2 1.9 -0.2
v -0.2 2.2 -0.2
v -0.2 2.3 -0.2
v -0.1 0.2 -0.2
v -0.1 0.3 -0.2
v -0.1 1.8 -0.2
v -0.1 2.1 -0.2
v -0.1 2.3 -0.2
v -0.1 2.5 -0.2
v 0.1 0.2 -0.2
v 0.1 0.3 -0.2
v 0.1 1.8 -0.2
v 0.1 2.1 -0.2
v 0.1 2.3 -0.2
v 0.1 2.5 -0.2
v 0.2 0.2 -0.2
v 0.2 0.3 -0.2
v 0.2 1.8 -0.2
v 0.2 1.9 -0.2
v 0.2 2.2 -0.2
v 0.2 2.3 -0.2
v 1.4 1.8 -0.2
v 1.4 1.9 -0.2
v 1.4 2 -0.2
v 1.4 2.1 -0.2
v 1.4 2.2 -0.2
v 1.6 1.9 -0.2
v 1.6 2 -0.2
v -1.6 2 -0.3
v -1.6 2.2 -0.3
v -1.4 1.9 -0.3
v -1.4 2 -0.3
v -1.4 2.1 -0.3
v -1.4 2.2 -0.3
v -1.3 1.9 -0.3
v -1.3 2.1 -0.3
v -0.9 1.9 -0.3
v -0.9 2.1 -0.3
v -0.7 1.9 -0.3
v -0.7 2 -0.3
v -0.7 2.1 -0.3
v -0.3 0.1 -0.3
v -0.3 0.2 -0.3
v -0.3 1.9 -0.3
v -0.3 2 -0.3
v -0.3 2.1 -0.3
v -0.2 0.1 -0.3
v -0.2 0.2 -0.3
v -0.2 1.8 -0.3
v -0.2 1.9 -0.3
v -0.1 0.2 -0.3
v -0.1 0.3 -0.3
v -0.1 1.8 -0.3
v -0.1 2.1 -0.3
v -0.1 2.3 -0.3
v 0.1 0.2 -0.3
v 0.1 0.3 -0.3
v 0.1 1.8 -0.3
v 0.1 2.1 -0.3
v 0.1 2.3 -0.3
v 0.2 0.1 -0.3
v 0.2 0.2 -0.3
v 0.2 1.8 -0.3
v 0.2 1.9 -0.3
v 0.3 0.1 -0.3
v 0.3 0.2 -0.3
v 0.3 1.9 -0.3
v 0.3 2 -0.3
v 0.3 2.1 -0.3
v 0.7 1.9 -0.3
v 0.7 2 -0.3
v 0.7 2.1 -0.3
v 0.9 1.9 -0.3
v 0.9 2 -0.3
v 0.9 2.1 -0.3
v 1.3 1.9 -0.3
v 1.3 2 -0.3
v 1.3 2.1 -0.3
v 1.4 1.9 -0.3
v 1.4 2 -0.3
v 1.4 2.1 -0.3
v 1.4 2.2 -0.3
v 1.6 2 -0.3
v 1.6 2.2 -0.3
v -1.3 1.9 -0.4
v -1.3 2.1 -0.4
v -1.2 1.8 -0.4
v -1.2 1.9 -0.4
v -1.2 2.1 -0.4
v -1.2 2.2 -0.4
v -1.1 2 -0.4
v -1.1 2.1 -0.4
v -1 1.8 -0.4
v -1 1.9 -0.4
v -1 2 -0.4
v -1 2.1 -0.4
v -1 2.2 -0.4
v -0.9 1.9 -0.4
v -0.9 2.1 -0.4
v -0.7 1.9 -0.4
v -0.7 2 -0.4
v -0.7 2.1 -0.4
v -0.6 1.8 -0.4
v -0.6 1.9 -0.4
v -0.6 2.1 -0.4
v -0.6 2.2 -0.4
v -0.5 1.9 -0.4
v -0.5 2 -0.4
v -0.4 0 -0.4
v -0.4 0.1 -0.4
v -0.4 1.8 -0.4
v -0.4 1.9 -0.4
v -0.4 2 -0.4
v -0.4 2.1 -0.4
v -0.4 2.2 -0.4
v -0.3 0 -0.4
v -0.3 0.1 -0.4
v -0.3 1.9 -0.4
v -0.3 2 -0.4
v -0.3 2.1 -0.4
v -0.2 0.1 -0.4
v -0.2 0.2 -0.4
v 0.2 0.1 -0.4
v 0.2 0.2 -0.4
v 0.3 0 -0.4
v 0.3 0.1 -0.4
v 0.3 1.9 -0.4
v 0.3 2 -0.4
v 0.3 2.1 -0.4
v 0.4 0 -0.4
v 0.4 0.1 -0.4
v 0.4 1.8 -0.4
v 0.4 1.9 -0.4
v 0.4 2.1 -0.4
v 0.4 2.2 -0.4
v 0.6 1.8 -0.4
v 0.6 1.9 -0.4
v 0.6 2.1 -0.4
v 0.6 2.2 -0.4
v 0.7 1.9 -0.4
v 0.7 2 -0.4
v 0.7 2.1 -0.4
v 0.9 1.9 -0.4
v 0.9 2 -0.4
v 0.9 2.1 -0.4
v 1 1.8 -0.4
v 1 1.9 -0.4
v 1 2 -0.4
v 1 2.1 -0.4
v 1 2.2 -0.4
v 1.1 2 -0.4
v 1.1 2.1 -0.4
v 1.1 2.2 -0.4
v 1.2 1.8 -0.4
v 1.2 1.9 -0.4
v 1.2 2 -0.4
v 1.2 2.1 -0.4
v 1.2 2.2 -0.4
v 1.3 1.9 -0.4
v 1.3 2 -0.4
v 1.3 2.1 -0.4
v -0.3 0 -0.5
v -0.3 0.1 -0.5
v 0.3 0 -0.5
v 0.3 0.1 -0.5
v -1.5 0 1.2
v 1.5 0 1.2
v -1.4 0 1.1
v -1.3 0 1.1
v -1.2 0 1.1
v -1.1 0 1.1
v -1 0 1.1
v -0.9 0 1.1
v -0.8 0 1.1
v -0.7 0 1.1
v -0.6 0 1.1
v -0.5 0 1.1
v -0.4 0 1.1
v -0.3 0 1.1
v -0.2 0 1.1
v -0.1 0 1.1
v 0.1 0 1.1
v 0.2 0 1.1
v 0.3 0 1.1
v 0.4 0 1.1
v 0.5 0 1.1
v 0.6 0 1.1
v 0.7 0 1.1
v 0.8 0 1.1
v 0.9 0 1.1
v 1 0 1.1
v 1.1 0 1.1
v 1.2 0 1.1
v 1.3 0 1.1
v 1.4 0 1.1
v -1.4 0 1
v -1.3 0 1
v -1.2 0 1
v -1.1 0 1
v -1 0 1
v -0.9 0 1
v -0.8 0 1
v -0.7 0 1
v -0.6 0 1
v -0.5 0 1
v -0.4 0 1
v -0.3 0 1
v -0.2 0 1
v -0.1 0 1
v 0.1 0 1
v 0.2 0 1
v 0.3 0 1
v 0.4 0 1
v 0.5 0 1
v 0.6 0 1
v 0.7 0 1
v 0.8 0 1
v 0.9 0 1
v 1 0 1
v 1.1 0 1
v 1.2 0 1
v 1.3 0 1
v 1.4 0 1
v -1.4 0 0.9
v -1.3 0 0.9
v -1.2 0 0.9
v -1.1 0 0.9
v -1 0 0.9
v -0.9 0 0.9
v -0.8 0 0.9
v -0.7 0 0.9
v -0.6 0 0.9
v -0.5 0 0.9
v -0.4 0 0.9
v -0.3 0 0.9
v -0.2 0 0.9
v -0.1 0 0.9
v 0.1 0 0.9
v 0.2 0 0.9
v 0.3 0 0.9
v 0.4 0 0.9
v 0.5 0 0.9
v 0.6 0 0.9
v 0.7 0 0.9
v 0.8 0 0.9
v 0.9 0 0.9
v 1 0 0.9
v 1.1 0 0.9
v 1.2 0 0.9
v 1.3 0 0.9
v 1.4 0 0.9
v -1.4 0 0.8
v -1.3 0 0.8
v -1.2 0 0.8
v -1.1 0 0.8
v -1 0 0.8
v -0.9 0 0.8
v -0.8 0 0.8
v -0.7 0 0.8
v -0.6 0 0.8
v -0.5 0 0.8
v -0.4 0 0.8
v -0.3 0 0.8
v -0.2 0 0.8
v -0.1 0 0.8
v 0.1 0 0.8
v 0.2 0 0.8
v 0.3 0 0.8
v 0.4 0 0.8
v 0.5 0 0.8
v 0.6 0 0.8
v 0.7 0 0.8
v 0.8 0 0.8
v 0.9 0 0.8
v 1 0 0.8
v 1.1 0 0.8
v 1.2 0 0.8
v 1.3 0 0.8
v 1.4 0 0.8
v -1.4 0 0.7
v -1.3 0 0.7
v -1.2 0 0.7
v -1.1 0 0.7
v -1 0 0.7
v -0.9 0 0.7
v -0.8 0 0.7
v -0.7 0 0.7
v -0.6 0 0.7
v -0.5 0 0.7
v -0.4 0 0.7
v -0.3 0 0.7
v -0.2 0 0.7
v -0.1 0 0.7
v 0.1 0 0.7
v 0.2 0 0.7
v 0.3 0 0.7
v 0.4 0 0.7
v 0.5 0 0.7
v 0.6 0 0.7
v 0.7 0 0.7
v 0.8 0 0.7
v 0.9 0 0.7
v 1 0 0.7
v 1.1 0 0.7
v 1.2 0 0.7
v 1.3 0 0.7
v 1.4 0 0.7
v -1.4 0 0.6
v -1.3 0 0.6
v -1.2 0 0.6
v -1.1 0 0.6
v -1 0 0.6
v -0.9 0 0.6
v -0.8 0 0.6
v -0.7 0 0.6
v -0.6 0 0.6
v -0.5 0 0.6
v -0.4 0 0.6
v -0.3 0 0.6
v -0.2 0 0.6
v -0.1 0 0.6
v 0.1 0 0.6
v 0.2 0 0.6
v 0.3 0 0.6
v 0.4 0 0.6
v 0.5 0 0.6
v 0.6 0 0.6
v 0.7 0 0.6
v 0.8 0 0.6
v 0.9 0 0.6
v 1 0 0.6
v 1.1 0 0.6
v 1.2 0 0.6
v 1.3 0 0.6
v 1.4 0 0.6
v -1.4 0 0.5
v -1.3 0 0.5
v -1.2 0 0.5
v -1.1 0 0.5
v -1 0 0.5
v -0.9 0 0.5
v -0.8 0 0.5
v -0.7 0 0.5
v -0.6 0 0.5
v -0.5 0 0.5
v -0.4 0 0.5
v -0.3 0 0.5
v -0.2 0 0.5
v -0.1 0 0.5
v 0.1 0 0.5
v 0.2 0 0.5
v 0.3 0 0.5
v 0.4 0 0.5
v 0.5 0 0.5
v 0.6 0 0.5
v 0.7 0 0.5
v 0.8 0 0.5
v 0.9 0 0.5
v 1 0 0.5
v 1.1 0 0.5
v 1.2 0 0.5
v 1.3 0 0.5
v 1.4 0 0.5
v -1.4 0 0.4
v -1.3 0 0.4
v -1.2 0 0.4
v -1.1 0 0.4
v -1 0 0.4
v -0.9 0 0.4
v -0.8 0 0.4
v -0.7 0 0.4
v -0.6 0 0.4
v -0.5 0 0.4
v -0.4 0 0.4
v -0.3 0 0.4
v -0.2 0 0.4
v -0.1 0 0.4
v 0.1 0 0.4
v 0.2 0 0.4
v 0.3 0 0.4
v 0.4 0 0.4
v 0.5 0 0.4
v 0.6 0 0.4
v 0.7 0 0.4
v 0.8 0 0.4
v 0.9 0 0.4
v 1 0 0.4
v 1.1 0 0.4
v 1.2 0 0.4
v 1.3 0 0.4
v 1.4 0 0.4
v -1.4 0 0.3
v -1.3 0 0.3
v -1.2 0 0.3
v -1.1 0 0.3
v -1 0 0.3
v -0.9 0 0.3
v -0.8 0 0.3
v -0.7 0 0.3
v -0.6 0 0.3
v -0.5 0 0.3
v -0.4 0 0.3
v -0.3 0 0.3
v -0.2 0 0.3
v -0.1 0 0.3
v 0.1 0 0.3
v 0.2 0 0.3
v 0.3 0 0.3
v 0.4 0 0.3
v 0.5 0 0.3
v 0.6 0 0.3
v 0.7 0 0.3
v 0.8 0 0.3
v 0.9 0 0.3
v 1 0 0.3
v 1.1 0 0.3
v 1.2 0 0.3
v 1.3 0 0.3
v 1.4 0 0.3
v -1.4 0 0.2
v -1.3 0 0.2
v -1.2 0 0.2
v -1.1 0 0.2
v -1 0 0.2
v -0.9 0 0.2
v -0.8 0 0.2
v -0.7 0 0.2
v -0.6 0 0.2
v -0.5 0 0.2
v -0.4 0 0.2
v -0.3 0 0.2
v -0.2 0 0.2
v -0.1 0 0.2
v 0.1 0 0.2
v 0.2 0 0.2
v 0.3 0 0.2
v 0.4 0 0.2
v 0.5 0 0.2
v 0.6 0 0.2
v 0.7 0 0.2
v 0.8 0 0.2
v 0.9 0 0.2
v 1 0 0.2
v 1.1 0 0.2
v 1.2 0 0.2
v 1.3 0 0.2
v 1.4 0 0.2
v -1.4 0 0.0999999
v -1.3 0 0.0999999
v -1.2 0 0.0999999
v -1.1 0 0.0999999
v -1 0 0.0999999
v -0.9 0 0.0999999
v -0.8 0 0.0999999
v -0.7 0 0.0999999
v -0.6 0 0.0999999
v -0.5 0 0.0999999
v -0.4 0 0.0999999
v -0.3 0 0.0999999
v 0.3 0 0.0999999
v 0.4 0 0.0999999
v 0.5 0 0.0999999
v 0.6 0 0.0999999
v 0.7 0 0.0999999
v 0.8 0 0.0999999
v 0.9 0 0.0999999
v 1 0 0.0999999
v 1.1 0 0.0999999
v 1.2 0 0.0999999
v 1.3 0 0.0999999
v 1.4 0 0.0999999
v -1.4 0 -1.19209e-07
v -1.3 0 -1.19209e-07
v -1.2 0 -1.19209e-07
v -1.1 0 -1.19209e-07
v -1 0 -1.19209e-07
v -0.9 0 -1.19209e-07
v -0.8 0 -1.19209e-07
v -0.7 0 -1.19209e-07
v -0.6 0 -1.19209e-07
v -0.5 0 -1.19209e-07
v -0.4 0 -1.19209e-07
v -0.3 0 -1.19209e-07
v 0.3 0 -1.19209e-07
v 0.4 0 -1.19209e-07
v 0.5 0 -1.19209e-07
v 0.6 0 -1.19209e-07
v 0.7 0 -1.19209e-07
v 0.8 0 -1.19209e-07
v 0.9 0 -1.19209e-07
v 1 0 -1.19209e-07
v 1.1 0 -1.19209e-07
v 1.2 0 -1.19209e-07
v 1.3 0 -1.19209e-07
v 1.4 0 -1.19209e-07
v -1.5 0 -0.1
v -0.4 0 -0.1
v 0.4 0 -0.1
v 1.5 0 -0.1
v -0.4 0 -0.4
v -0.3 0 -0.4
v 0.3 0 -0.4
v 0.4 0 -0.4
v -0.3 0 -0.5
v 0.3 0 -0.5
v -1.2 1.6 0.3
v -1.1 1.6 0.3
v -0.6 1.6 0.3
v -0.5 1.6 0.3
v 0.5 1.6 0.3
v 0.6 1.6 0.3
v 1.1 1.6 0.3
v 1.2 1.6 0.3
v -1.2 1.6 0.2
v -1.1 1.6 0.2
v -0.6 1.6 0.2
v -0.5 1.6 0.2
v 0.5 1.6 0.2
v 0.6 1.6 0.2
v 1.1 1.6 0.2
v 1.2 1.6 0.2
v -1.2 1.8 -1.19209e-07
v -1 1.8 -1.19209e-07
v -0.6 1.8 -1.19209e-07
v -0.4 1.8 -1.19209e-07
v 0.4 1.8 -1.19209e-07
v 0.6 1.8 -1.19209e-07
v 1 1.8 -1.19209e-07
v 1.2 1.8 -1.19209e-07
v -1.4 1.8 -0.1
v -1.2 1.8 -0.1
v -1 1.8 -0.1
v -0.6 1.8 -0.1
v -0.4 1.8 -0.1
v -0.2 1.8 -0.1
v 0.2 1.8 -0.1
v 0.4 1.8 -0.1
v 0.6 1.8 -0.1
v 1 1.8 -0.1
v 1.2 1.8 -0.1
v 1.4 1.8 -0.1
v -1.4 1.8 -0.2
v -0.2 1.8 -0.2
v -0.1 1.8 -0.2
v 0.1 1.8 -0.2
v 0.2 1.8 -0.2
v 1.4 1.8 -0.2
v -1.2 1.8 -0.3
v -1 1.8 -0.3
v -0.6 1.8 -0.3
v -0.4 1.8 -0.3
v -0.2 1.8 -0.3
v -0.1 1.8 -0.3
v 0.1 1.8 -0.3
v 0.2 1.8 -0.3
v 0.4 1.8 -0.3
v 0.6 1.8 -0.3
v 1 1.8 -0.3
v 1.2 1.8 -0.3
v -1.2 1.8 -0.4
v -1 1.8 -0.4
v -0.6 1.8 -0.4
v -0.4 1.8 -0.4
v 0.4 1.8 -0.4
v 0.6 1.8 -0.4
v 1 1.8 -0.4
v 1.2 1.8 -0.4
v -1.4 1.9 -1.19209e-07
v -1.2 1.9 -1.19209e-07
v -1 1.9 -1.19209e-07
v -0.6 1.9 -1.19209e-07
v -0.4 1.9 -1.19209e-07
v -0.1 1.9 -1.19209e-07
v 0.1 1.9 -1.19209e-07
v 0.4 1.9 -1.19209e-07
v 0.6 1.9 -1.19209e-07
v 1 1.9 -1.19209e-07
v 1.2 1.9 -1.19209e-07
v 1.4 1.9 -1.19209e-07
v -1.6 1.9 -0.1
v -1.4 1.9 -0.1
v -1.2 1.9 -0.1
v -1 1.9 -0.1
v -0.6 1.9 -0.1
v -0.4 1.9 -0.1
v -0.1 1.9 -0.1
v 0.1 1.9 -0.1
v 0.4 1.9 -0.1
v 0.6 1.9 -0.1
v 1 1.9 -0.1
v 1.2 1.9 -0.1
v 1.4 1.9 -0.1
v 1.6 1.9 -0.1
v -1.6 1.9 -0.2
v -1.4 1.9 -0.2
v -0.2 1.9 -0.2
v 0.2 1.9 -0.2
v 1.4 1.9 -0.2
v 1.6 1.9 -0.2
v -1.4 1.9 -0.3
v -1.3 1.9 -0.3
v -1.2 1.9 -0.3
v -1 1.9 -0.3
v -0.9 1.9 -0.3
v -0.7 1.9 -0.3
v -0.6 1.9 -0.3
v -0.4 1.9 -0.3
v -0.3 1.9 -0.3
v -0.2 1.9 -0.3
v 0.2 1.9 -0.3
v 0.3 1.9 -0.3
v 0.4 1.9 -0.3
v 0.6 1.9 -0.3
v 0.7 1.9 -0.3
v 0.9 1.9 -0.3
v 1 1.9 -0.3
v 1.2 1.9 -0.3
v 1.3 1.9 -0.3
v 1.4 1.9 -0.3
v -1.3 1.9 -0.4
v -1.2 1.9 -0.4
v -1 1.9 -0.4
v -0.9 1.9 -0.4
v -0.7 1.9 -0.4
v -0.6 1.9 -0.4
v -0.4 1.9 -0.4
v -0.3 1.9 -0.4
v 0.3 1.9 -0.4
v 0.4 1.9 -0.4
v 0.6 1.9 -0.4
v 0.7 1.9 -0.4
v 0.9 1.9 -0.4
v 1 1.9 -0.4
v 1.2 1.9 -0.4
v 1.3 1.9 -0.4
v -1.1 2 0.3
v -1 2 0.3
v -0.5 2 0.3
v -0.4 2 0.3
v 0.4 2 0.3
v 0.5 2 0.3
v 1 2 0.3
v 1.1 2 0.3
v -1.2 2 0.2
v -1.1 2 0.2
v -0.6 2 0.2
v -0.5 2 0.2
v 0.5 2 0.2
v 0.6 2 0.2
v 1.1 2 0.2
v 1.2 2 0.2
v -1.6 2 -1.19209e-07
v -1.4 2 -1.19209e-07
v -1.2 2 -1.19209e-07
v -1 2 -1.19209e-07
v -0.6 2 -1.19209e-07
v -0.4 2 -1.19209e-07
v 0.4 2 -1.19209e-07
v 0.6 2 -1.19209e-07
v 1 2 -1.19209e-07
v 1.2 2 -1.19209e-07
v 1.4 2 -1.19209e-07
v 1.6 2 -1.19209e-07
v -1.6 2 -0.1
v -1.4 2 -0.1
v 1.4 2 -0.1
v 1.6 2 -0.1
v -1.6 2 -0.2
v -1.4 2 -0.2
v 1.4 2 -0.2
v 1.6 2 -0.2
v -1.6 2 -0.3
v -1.4 2 -0.3
v 1.4 2 -0.3
v 1.6 2 -0.3
v -1.5 0.1 1.2
v -1.4 0.1 1.2
v -0.2 0.1 1.2
v 0.2 0.1 1.2
v 1.4 0.1 1.2
v 1.5 0.1 1.2
v -1.5 0.1 1.1
v -1.4 0.1 1.1
v -1.2 0.1 1.1
v -1.1 0.1 1.1
v -1 0.1 1.1
v -0.9 0.1 1.1
v -0.8 0.1 1.1
v -0.7 0.1 1.1
v -0.6 0.1 1.1
v -0.5 0.1 1.1
v -0.4 0.1 1.1
v -0.3 0.1 1.1
v -0.2 0.1 1.1
v -0.1 0.1 1.1
v 0.1 0.1 1.1
v 0.2 0.1 1.1
v 0.3 0.1 1.1
v 0.4 0.1 1.1
v 0.5 0.1 1.1
v 0.6 0.1 1.1
v 0.7 0.1 1.1
v 0.8 0.1 1.1
v 0.9 0.1 1.1
v 1 0.1 1.1
v 1.1 0.1 1.1
v 1.2 0.1 1.1
v 1.4 0.1 1.1
v 1.5 0.1 1.1
v -1.2 0.1 1
v -1.1 0.1 1
v -1 0.1 1
v -0.9 0.1 1
v -0.8 0.1 1
v -0.7 0.1 1
v -0.6 0.1 1
v -0.5 0.1 1
v -0.4 0.1 1
v -0.3 0.1 1
v -0.1 0.1 1
v 0.1 0.1 1
v 0.3 0.1 1
v 0.4 0.1 1
v 0.5 0.1 1
v 0.6 0.1 1
v 0.7 0.1 1
v 0.8 0.1 1
v 0.9 0.1 1
v 1 0.1 1
v 1.1 0.1 1
v 1.2 0.1 1
v -1.4 0.1 0.9
v -1.3 0.1 0.9
v -1.2 0.1 0.9
v -1.1 0.1 0.9
v -1 0.1 0.9
v -0.9 0.1 0.9
v -0.8 0.1 0.9
v -0.7 0.1 0.9
v -0.6 0.1 0.9
v -0.5 0.1 0.9
v -0.4 0.1 0.9
v -0.3 0.1 0.9
v -0.2 0.1 0.9
v -0.1 0.1 0.9
v 0.1 0.1 0.9
v 0.2 0.1 0.9
v 0.3 0.1 0.9
v 0.4 0.1 0.9
v 0.5 0.1 0.9
v 0.6 0.1 0.9
v 0.7 0.1 0.9
v 0.8 0.1 0.9
v 0.9 0.1 0.9
v 1 0.1 0.9
v 1.1 0.1 0.9
v 1.2 0.1 0.9
v 1.3 0.1 0.9
v 1.4 0.1 0.9
v -1.4 0.1 0.8
v -1.3 0.1 0.8
v -1.2 0.1 0.8
v -1.1 0.1 0.8
v -1 0.1 0.8
v -0.9 0.1 0.8
v -0.8 0.1 0.8
v -0.7 0.1 0.8
v -0.6 0.1 0.8
v -0.5 0.1 0.8
v -0.4 0.1 0.8
v -0.3 0.1 0.8
v -0.2 0.1 0.8
v -0.1 0.1 0.8
v 0.1 0.1 0.8
v 0.2 0.1 0.8
v 0.3 0.1 0.8
v 0.4 0.1 0.8
v 0.5 0.1 0.8
v 0.6 0.1 0.8
v 0.7 0.1 0.8
v 0.8 0.1 0.8
v 0.9 0.1 0.8
v 1 0.1 0.8
v 1.1 0.1 0.8
v 1.2 0.1 0.8
v 1.3 0.1 0.8
v 1.4 0.1 0.8
v -1.4 0.1 0.7
v -1.3 0.1 0.7
v -1.2 0.1 0.7
v -1.1 0.1 0.7
v -1 0.1 0.7
v -0.9 0.1 0.7
v -0.8 0.1 0.7
v -0.7 0.1 0.7
v -0.6 0.1 0.7
v -0.5 0.1 0.7
v -0.4 0.1 0.7
v -0.3 0.1 0.7
v -0.2 0.1 0.7
v -0.1 0.1 0.7
v 0.1 0.1 0.7
v 0.2 0.1 0.7
v 0.3 0.1 0.7
v 0.4 0.1 0.7
v 0.5 0.1 0.7
v 0.6 0.1 0.7
v 0.7 0.1 0.7
v 0.8 0.1 0.7
v 0.9 0.1 0.7
v 1 0.1 0.7
v 1.1 0.1 0.7
v 1.2 0.1 0.7
v 1.3 0.1 0.7
v 1.4 0.1 0.7
v -1.4 0.1 0.6
v -1.3 0.1 0.6
v -1.2 0.1 0.6
v -1.1 0.1 0.6
v -1 0.1 0.6
v -0.9 0.1 0.6
v -0.8 0.1 0.6
v -0.7 0.1 0.6
v -0.6 0.1 0.6
v -0.5 0.1 0.6
v -0.4 0.1 0.6
v -0.3 0.1 0.6
v -0.2 0.1 0.6
v -0.1 0.1 0.6
v 0.1 0.1 0.6
v 0.2 0.1 0.6
v 0.3 0.1 0.6
v 0.4 0.1 0.6
v 0.5 0.1 0.6
v 0.6 0.1 0.6
v 0.7 0.1 0.6
v 0.8 0.1 0.6
v 0.9 0.1 0.6
v 1 0.1 0.6
v 1.1 0.1 0.6
v 1.2 0.1 0.6
v 1.3 0.1 0.6
v 1.4 0.1 0.6
v -1.4 0.1 0.5
v -1.3 0.1 0.5
v -1.2 0.1 0.5
v -1.1 0.1 0.5
v -1 0.1 0.5
v -0.9 0.1 0.5
v -0.8 0.1 0.5
v -0.7 0.1 0.5
v -0.6 0.1 0.5
v -0.5 0.1 0.5
v -0.4 0.1 0.5
v -0.3 0.1 0.5
v -0.2 0.1 0.5
v -0.1 0.1 0.5
v 0.1 0.1 0.5
v 0.2 0.1 0.5
v 0.3 0.1 0.5
v 0.4 0.1 0.5
v 0.5 0.1 0.5
v 0.6 0.1 0.5
v 0.7 0.1 0.5
v 0.8 0.1 0.5
v 0.9 0.1 0.5
v 1 0.1 0.5
v 1.1 0.1 0.5
v 1.2 0.1 0.5
v 1.3 0.1 0.5
v 1.4 0.1 0.5
v -1.4 0.1 0.4
v -1.3 0.1 0.4
v -1.2 0.1 0.4
v -1.1 0.1 0.4
v -1 0.1 0.4
v -0.9 0.1 0.4
v -0.8 0.1 0.4
v -0.7 0.1 0.4
v -0.6 0.1 0.4
v -0.5 0.1 0.4
v -0.4 0.1 0.4
v -0.3 0.1 0.4
v -0.2 0.1 0.4
v -0.1 0.1 0.4
v 0.1 0.1 0.4
v 0.2 0.1 0.4
v 0.3 0.1 0.4
v 0.4 0.1 0.4
v 0.5 0.1 0.4
v 0.6 0.1 0.4
v 0.7 0.1 0.4
v 0.8 0.1 0.4
v 0.9 0.1 0.4
v 1 0.1 0.4
v 1.1 0.1 0.4
v 1.2 0.1 0.4
v 1.3 0.1 0.4
v 1.4 0.1 0.4
v -1.4 0.1 0.3
v -1.3 0.1 0.3
v -1.2 0.1 0.3
v -1.1 0.1 0.3
v -1 0.1 0.3
v -0.9 0.1 0.3
v -0.8 0.1 0.3
v -0.7 0.1 0.3
v -0.6 0.1 0.3
v -0.5 0.1 0.3
v -0.4 0.1 0.3
v -0.3 0.1 0.3
v -0.2 0.1 0.3
v -0.1 0.1 0.3
v 0.1 0.1 0.3
v 0.2 0.1 0.3
v 0.3 0.1 0.3
v 0.4 0.1 0.3
v 0.5 0.1 0.3
v 0.6 0.1 0.3
v 0.7 0.1 0.3
v 0.8 0.1 0.3
v 0.9 0.1 0.3
v 1 0.1 0.3
v 1.1 0.1 0.3
v 1.2 0.1 0.3
v 1.3 0.1 0.3
v 1.4 0.1 0.3
v -1.4 0.1 0.2
v -1.3 0.1 0.2
v -1.2 0.1 0.2
v -1.1 0.1 0.2
v -1 0.1 0.2
v -0.9 0.1 0.2
v -0.8 0.1 0.2
v -0.7 0.1 0.2
v -0.6 0.1 0.2
v -0.5 0.1 0.2
v -0.4 0.1 0.2
v -0.3 0.1 0.2
v -0.2 0.1 0.2
v -0.1 0.1 0.2
v 0.1 0.1 0.2
v 0.2 0.1 0.2
v 0.3 0.1 0.2
v 0.4 0.1 0.2
v 0.5 0.1 0.2
v 0.6 0.1 0.2
v 0.7 0.1 0.2
v 0.8 0.1 0.2
v 0.9 0.1 0.2
v 1 0.1 0.2
v 1.1 0.1 0.2
v 1.2 0.1 0.2
v 1.3 0.1 0.2
v 1.4 0.1 0.2
v -1.2 0.1 0.0999999
v -1.1 0.1 0.0999999
v -1 0.1 0.0999999
v -0.9 0.1 0.0999999
v -0.8 0.1 0.0999999
v -0.7 0.1 0.0999999
v -0.6 0.1 0.0999999
v -0.5 0.1 0.0999999
v -0.4 0.1 0.0999999
v -0.3 0.1 0.0999999
v 0.3 0.1 0.0999999
v 0.4 0.1 0.0999999
v 0.5 0.1 0.0999999
v 0.6 0.1 0.0999999
v 0.7 0.1 0.0999999
v 0.8 0.1 0.0999999
v 0.9 0.1 0.0999999
v 1 0.1 0.0999999
v 1.1 0.1 0.0999999
v 1.2 0.1 0.0999999
v -1.5 0.1 -1.19209e-07
v -1.4 0.1 -1.19209e-07
v -1.2 0.1 -1.19209e-07
v -1.1 0.1 -1.19209e-07
v -1 0.1 -1.19209e-07
v -0.9 0.1 -1.19209e-07
v -0.8 0.1 -1.19209e-07
v -0.7 0.1 -1.19209e-07
v -0.6 0.1 -1.19209e-07
v -0.5 0.1 -1.19209e-07
v -0.4 0.1 -1.19209e-07
v -0.3 0.1 -1.19209e-07
v 0.3 0.1 -1.19209e-07
v 0.4 0.1 -1.19209e-07
v 0.5 0.1 -1.19209e-07
v 0.6 0.1 -1.19209e-07
v 0.7 0.1 -1.19209e-07
v 0.8 0.1 -1.19209e-07
v 0.9 0.1 -1.19209e-07
v 1 0.1 -1.19209e-07
v 1.1 0.1 -1.19209e-07
v 1.2 0.1 -1.19209e-07
v 1.4 0.1 -1.19209e-07
v 1.5 0.1 -1.19209e-07
v -1.5 0.1 -0.1
v -1.4 0.1 -0.1
v -0.4 0.1 -0.1
v -0.3 0.1 -0.1
v 0.3 0.1 -0.1
v 0.4 0.1 -0.1
v 1.4 0.1 -0.1
v 1.5 0.1 -0.1
v -0.3 0.1 -0.3
v -0.2 0.1 -0.3
v 0.2 0.1 -0.3
v 0.3 0.1 -0.3
v -0.4 0.1 -0.4
v -0.3 0.1 -0.4
v -0.2 0.1 -0.4
v 0.2 0.1 -0.4
v 0.3 0.1 -0.4
v 0.4 0.1 -0.4
v -0.3 0.1 -0.5
v 0.3 0.1 -0.5
v -1.4 0.2 1.2
v -0.2 0.2 1.2
v 0.2 0.2 1.2
v 1.4 0.2 1.2
v -1.5 0.2 1.1
v -1.4 0.2 1.1
v -1.2 0.2 1.1
v -1.1 0.2 1.1
v -1 0.2 1.1
v -0.9 0.2 1.1
v -0.8 0.2 1.1
v -0.7 0.2 1.1
v -0.6 0.2 1.1
v -0.5 0.2 1.1
v -0.4 0.2 1.1
v -0.3 0.2 1.1
v -0.2 0.2 1.1
v -0.1 0.2 1.1
v 0.1 0.2 1.1
v 0.2 0.2 1.1
v 0.3 0.2 1.1
v 0.4 0.2 1.1
v 0.5 0.2 1.1
v 0.6 0.2 1.1
v 0.7 0.2 1.1
v 0.8 0.2 1.1
v 0.9 0.2 1.1
v 1 0.2 1.1
v 1.1 0.2 1.1
v 1.2 0.2 1.1
v 1.4 0.2 1.1
v 1.5 0.2 1.1
v -1.2 0.2 1
v -1.1 0.2 1
v -1 0.2 1
v -0.9 0.2 1
v -0.8 0.2 1
v -0.7 0.2 1
v -0.6 0.2 1
v -0.5 0.2 1
v -0.4 0.2 1
v -0.3 0.2 1
v -0.1 0.2 1
v 0.1 0.2 1
v 0.3 0.2 1
v 0.4 0.2 1
v 0.5 0.2 1
v 0.6 0.2 1
v 0.7 0.2 1
v 0.8 0.2 1
v 0.9 0.2 1
v 1 0.2 1
v 1.1 0.2 1
v 1.2 0.2 1
v -1.4 0.2 0.9
v -1.3 0.2 0.9
v -1.2 0.2 0.9
v -1.1 0.2 0.9
v -1 0.2 0.9
v -0.9 0.2 0.9
v -0.8 0.2 0.9
v -0.7 0.2 0.9
v -0.6 0.2 0.9
v -0.5 0.2 0.9
v -0.4 0.2 0.9
v -0.3 0.2 0.9
v -0.2 0.2 0.9
v -0.1 0.2 0.9
v 0.1 0.2 0.9
v 0.2 0.2 0.9
v 0.3 0.2 0.9
v 0.4 0.2 0.9
v 0.5 0.2 0.9
v 0.6 0.2 0.9
v 0.7 0.2 0.9
v 0.8 0.2 0.9
v 0.9 0.2 0.9
v 1 0.2 0.9
v 1.1 0.2 0.9
v 1.2 0.2 0.9
v 1.3 0.2 0.9
v 1.4 0.2 0.9
v -1.4 0.2 0.8
v -1.3 0.2 0.8
v -1.2 0.2 0.8
v -1.1 0.2 0.8
v -1 0.2 0.8
v -0.9 0.2 0.8
v -0.8 0.2 0.8
v -0.7 0.2 0.8
v -0.6 0.2 0.8
v -0.5 0.2 0.8
v -0.4 0.2 0.8
v -0.3 0.2 0.8
v -0.2 0.2 0.8
v -0.1 0.2 0.8
v 0.1 0.2 0.8
v 0.2 0.2 0.8
v 0.3 0.2 0.8
v 0.4 0.2 0.8
v 0.5 0.2 0.8
v 0.6 0.2 0.8
v 0.7 0.2 0.8
v 0.8 0.2 0.8
v 0.9 0.2 0.8
v 1 0.2 0.8
v 1.1 0.2 0.8
v 1.2 0.2 0.8
v 1.3 0.2 0.8
v 1.4 0.2 0.8
v -1.4 0.2 0.7
v -1.3 0.2 0.7
v -1.2 0.2 0.7
v -1.1 0.2 0.7
v -1 0.2 0.7
v -0.9 0.2 0.7
v -0.8 0.2 0.7
v -0.7 0.2 0.7
v -0.6 0.2 0.7
v -0.5 0.2 0.7
v -0.4 0.2 0.7
v -0.3 0.2 0.7
v -0.2 0.2 0.7
v -0.1 0.2 0.7
v 0.1 0.2 0.7
v 0.2 0.2 0.7
v 0.3 0.2 0.7
v 0.4 0.2 0.7
v 0.5 0.2 0.7
v 0.6 0.2 0.7
v 0.7 0.2 0.7
v 0.8 0.2 0.7
v 0.9 0.2 0.7
v 1 0.2 0.7
v 1.1 0.2 0.7
v 1.2 0.2 0.7
v 1.3 0.2 0.7
v 1.4 0.2 0.7
v -1.4 0.2 0.6
v -1.3 0.2 0.6
v -1.2 0.2 0.6
v -1.1 0.2 0.6
v -1 0.2 0.6
v -0.9 0.2 0.6
v -0.8 0.2 0.6
v -0.7 0.2 0.6
v -0.6 0.2 0.6
v -0.5 0.2 0.6
v -0.4 0.2 0.6
v -0.3 0.2 0.6
v -0.2 0.2 0.6
v -0.1 0.2 0.6
v 0.1 0.2 0.6
v 0.2 0.2 0.6
v 0.3 0.2 0.6
v 0.4 0.2 0.6
v 0.5 0.2 0.6
v 0.6 0.2 0.6
v 0.7 0.2 0.6
v 0.8 0.2 0.6
v 0.9 0.2 0.6
v 1 0.2 0.6
v 1.1 0.2 0.6
v 1.2 0.2 0.6
v 1.3 0.2 0.6
v 1.4 0.2 0.6
v -1.4 0.2 0.5
v -1.3 0.2 0.5
v -1.2 0.2 0.5
v -1.1 0.2 0.5
v -1 0.2 0.5
v -0.9 0.2 0.5
v -0.8 0.2 0.5
v -0.7 0.2 0.5
v -0.6 0.2 0.5
v -0.5 0.2 0.5
v -0.4 0.2 0.5
v -0.3 0.2 0.5
v -0.2 0.2 0.5
v -0.1 0.2 0.5
v 0.1 0.2 0.5
v 0.2 0.2 0.5
v 0.3 0.2 0.5
v 0.4 0.2 0.5
v 0.5 0.2 0.5
v 0.6 0.2 0.5
v 0.7 0.2 0.5
v 0.8 0.2 0.5
v 0.9 0.2 0.5
v 1 0.2 0.5
v 1.1 0.2 0.5
v 1.2 0.2 0.5
v 1.3 0.2 0.5
v 1.4 0.2 0.5
v -1.4 0.2 0.4
v -1.3 0.2 0.4
v -1.2 0.2 0.4
v -1.1 0.2 0.4
v -1 0.2 0.4
v -0.9 0.2 0.4
v -0.8 0.2 0.4
v -0.7 0.2 0.4
v -0.6 0.2 0.4
v -0.5 0.2 0.4
v -0.4 0.2 0.4
v -0.3 0.2 0.4
v -0.2 0.2 0.4
v -0.1 0.2 0.4
v 0.1 0.2 0.4
v 0.2 0.2 0.4
v 0.3 0.2 0.4
v 0.4 0.2 0.4
v 0.5 0.2 0.4
v 0.6 0.2 0.4
v 0.7 0.2 0.4
v 0.8 0.2 0.4
v 0.9 0.2 0.4
v 1 0.2 0.4
v 1.1 0.2 0.4
v 1.2 0.2 0.4
v 1.3 0.2 0.4
v 1.4 0.2 0.4
v -1.4 0.2 0.3
v -1.3 0.2 0.3
v -1.2 0.2 0.3
v -1.1 0.2 0.3
v -1 0.2 0.3
v -0.9 0.2 0.3
v -0.8 0.2 0.3
v -0.7 0.2 0.3
v -0.6 0.2 0.3
v -0.5 0.2 0.3
v -0.4 0.2 0.3
v -0.3 0.2 0.3
v -0.2 0.2 0.3
v -0.1 0.2 0.3
v 0.1 0.2 0.3
v 0.2 0.2 0.3
v 0.3 0.2 0.3
v 0.4 0.2 0.3
v 0.5 0.2 0.3
v 0.6 0.2 0.3
v 0.7 0.2 0.3
v 0.8 0.2 0.3
v 0.9 0.2 0.3
v 1 0.2 0.3
v 1.1 0.2 0.3
v 1.2 0.2 0.3
v 1.3 0.2 0.3
v 1.4 0.2 0.3
v -1.4 0.2 0.2
v -1.3 0.2 0.2
v -1.2 0.2 0.2
v -1.1 0.2 0.2
v -1 0.2 0.2
v -0.9 0.2 0.2
v -0.8 0.2 0.2
v -0.7 0.2 0.2
v -0.6 0.2 0.2
v -0.5 0.2 0.2
v -0.4 0.2 0.2
v -0.3 0.2 0.2
v -0.2 0.2 0.2
v -0.1 0.2 0.2
v 0.1 0.2 0.2
v 0.2 0.2 0.2
v 0.3 0.2 0.2
v 0.4 0.2 0.2
v 0.5 0.2 0.2
v 0.6 0.2 0.2
v 0.7 0.2 0.2
v 0.8 0.2 0.2
v 0.9 0.2 0.2
v 1 0.2 0.2
v 1.1 0.2 0.2
v 1.2 0.2 0.2
v 1.3 0.2 0.2
v 1.4 0.2 0.2
v -1.2 0.2 0.0999999
v -1.1 0.2 0.0999999
v -1 0.2 0.0999999
v -0.9 0.2 0.0999999
v -0.8 0.2 0.0999999
v -0.7 0.2 0.0999999
v -0.6 0.2 0.0999999
v -0.5 0.2 0.0999999
v -0.4 0.2 0.0999999
v -0.3 0.2 0.0999999
v -0.2 0.2 0.0999999
v 0.2 0.2 0.0999999
v 0.3 0.2 0.0999999
v 0.4 0.2 0.0999999
v 0.5 0.2 0.0999999
v 0.6 0.2 0.0999999
v 0.7 0.2 0.0999999
v 0.8 0.2 0.0999999
v 0.9 0.2 0.0999999
v 1 0.2 0.0999999
v 1.1 0.2 0.0999999
v 1.2 0.2 0.0999999
v -1.5 0.2 -1.19209e-07
v -1.4 0.2 -1.19209e-07
v -1.2 0.2 -1.19209e-07
v -1.1 0.2 -1.19209e-07
v -1 0.2 -1.19209e-07
v -0.9 0.2 -1.19209e-07
v -0.8 0.2 -1.19209e-07
v -0.7 0.2 -1.19209e-07
v -0.6 0.2 -1.19209e-07
v -0.5 0.2 -1.19209e-07
v -0.4 0.2 -1.19209e-07
v -0.3 0.2 -1.19209e-07
v -0.2 0.2 -1.19209e-07
v -0.1 0.2 -1.19209e-07
v 0.1 0.2 -1.19209e-07
v 0.2 0.2 -1.19209e-07
v 0.3 0.2 -1.19209e-07
v 0.4 0.2 -1.19209e-07
v 0.5 0.2 -1.19209e-07
v 0.6 0.2 -1.19209e-07
v 0.7 0.2 -1.19209e-07
v 0.8 0.2 -1.19209e-07
v 0.9 0.2 -1.19209e-07
v 1 0.2 -1.19209e-07
v 1.1 0.2 -1.19209e-07
v 1.2 0.2 -1.19209e-07
v 1.4 0.2 -1.19209e-07
v 1.5 0.2 -1.19209e-07
v -1.4 0.2 -0.1
v -0.3 0.2 -0.1
v -0.2 0.2 -0.1
v -0.1 0.2 -0.1
v 0.1 0.2 -0.1
v 0.2 0.2 -0.1
v 0.3 0.2 -0.1
v 1.4 0.2 -0.1
v -0.2 0.2 -0.2
v -0.1 0.2 -0.2
v 0.1 0.2 -0.2
v 0.2 0.2 -0.2
v -0.3 0.2 -0.3
v -0.2 0.2 -0.3
v -0.1 0.2 -0.3
v 0.1 0.2 -0.3
v 0.2 0.2 -0.3
v 0.3 0.2 -0.3
v -0.2 0.2 -0.4
v 0.2 0.2 -0.4
v -1.4 2.1 -1.19209e-07
v -1.2 2.1 -1.19209e-07
v -1 2.1 -1.19209e-07
v -0.6 2.1 -1.19209e-07
v -0.4 2.1 -1.19209e-07
v -0.1 2.1 -1.19209e-07
v 0.1 2.1 -1.19209e-07
v 0.4 2.1 -1.19209e-07
v 0.6 2.1 -1.19209e-07
v 1 2.1 -1.19209e-07
v 1.2 2.1 -1.19209e-07
v 1.4 2.1 -1.19209e-07
v -1.4 2.1 -0.1
v -1.2 2.1 -0.1
v -1 2.1 -0.1
v -0.6 2.1 -0.1
v -0.4 2.1 -0.1
v -0.1 2.1 -0.1
v 0.1 2.1 -0.1
v 0.4 2.1 -0.1
v 0.6 2.1 -0.1
v 1 2.1 -0.1
v 1.2 2.1 -0.1
v 1.4 2.1 -0.1
v -1.4 2.1 -0.2
v -0.1 2.1 -0.2
v 0.1 2.1 -0.2
v 1.4 2.1 -0.2
v -1.4 2.1 -0.3
v -1.3 2.1 -0.3
v -1.2 2.1 -0.3
v -1 2.1 -0.3
v -0.9 2.1 -0.3
v -0.7 2.1 -0.3
v -0.6 2.1 -0.3
v -0.4 2.1 -0.3
v -0.3 2.1 -0.3
v -0.1 2.1 -0.3
v 0.1 2.1 -0.3
v 0.3 2.1 -0.3
v 0.4 2.1 -0.3
v 0.6 2.1 -0.3
v 0.7 2.1 -0.3
v 0.9 2.1 -0.3
v 1 2.1 -0.3
v 1.1 2.1 -0.3
v 1.2 2.1 -0.3
v 1.3 2.1 -0.3
v 1.4 2.1 -0.3
v -1.3 2.1 -0.4
v -1.2 2.1 -0.4
v -1 2.1 -0.4
v -0.9 2.1 -0.4
v -0.7 2.1 -0.4
v -0.6 2.1 -0.4
v -0.4 2.1 -0.4
v -0.3 2.1 -0.4
v 0.3 2.1 -0.4
v 0.4 2.1 -0.4
v 0.6 2.1 -0.4
v 0.7 2.1 -0.4
v 0.9 2.1 -0.4
v 1 2.1 -0.4
v 1.2 2.1 -0.4
v 1.3 2.1 -0.4
v -1.2 2.2 0.0999999
v -1 2.2 0.0999999
v -0.6 2.2 0.0999999
v -0.4 2.2 0.0999999
v 0.4 2.2 0.0999999
v 0.6 2.2 0.0999999
v 1 2.2 0.0999999
v 1.2 2.2 0.0999999
v -1.6 2.2 -1.19209e-07
v -1.4 2.2 -1.19209e-07
v 1.4 2.2 -1.19209e-07
v 1.6 2.2 -1.19209e-07
v -1.4 2.2 -0.1
v -1.2 2.2 -0.1
v -1 2.2 -0.1
v -0.6 2.2 -0.1
v -0.4 2.2 -0.1
v -0.2 2.2 -0.1
v 0.2 2.2 -0.1
v 0.4 2.2 -0.1
v 0.6 2.2 -0.1
v 1 2.2 -0.1
v 1.2 2.2 -0.1
v 1.4 2.2 -0.1
v -1.4 2.2 -0.2
v -0.2 2.2 -0.2
v 0.2 2.2 -0.2
v 1.4 2.2 -0.2
v -1.6 2.2 -0.3
v -1.4 2.2 -0.3
v -1.2 2.2 -0.3
v -1 2.2 -0.3
v -0.6 2.2 -0.3
v -0.4 2.2 -0.3
v 0.4 2.2 -0.3
v 0.6 2.2 -0.3
v 1 2.2 -0.3
v 1.1 2.2 -0.3
v 1.2 2.2 -0.3
v 1.4 2.2 -0.3
v 1.6 2.2 -0.3
v -1.2 2.2 -0.4
v -1 2.2 -0.4
v -0.6 2.2 -0.4
v -0.4 2.2 -0.4
v 0.4 2.2 -0.4
v 0.6 2.2 -0.4
v 1 2.2 -0.4
v 1.1 2.2 -0.4
v 1.2 2.2 -0.4
v -0.1 2.3 -1.19209e-07
v 0.1 2.3 -1.19209e-07
v -0.2 2.3 -0.1
v -0.1 2.3 -0.1
v 0.1 2.3 -0.1
v 0.2 2.3 -0.1
v -0.2 2.3 -0.2
v -0.1 2.3 -0.2
v 0.1 2.3 -0.2
v 0.2 2.3 -0.2
v -0.1 2.3 -0.3
v 0.1 2.3 -0.3
v -0.1 2.5 -0.1
v 0.1 2.5 -0.1
v -0.1 2.5 -0.2
v 0.1 2.5 -0.2
v -1.2 2.7 0.3
v -1 2.7 0.3
v -0.6 2.7 0.3
v -0.4 2.7 0.3
v 0.4 2.7 0.3
v 0.6 2.7 0.3
v 1 2.7 0.3
v 1.2 2.7 0.3
v -1.2 2.7 0.0999999
v -1 2.7 0.0999999
v -0.6 2.7 0.0999999
v -0.4 2.7 0.0999999
v 0.4 2.7 0.0999999
v 0.6 2.7 0.0999999
v 1 2.7 0.0999999
v 1.2 2.7 0.0999999

# faces
f 4/9/1 2/9/1 1/9/1
f 5/9/1 2/9/1 4/9/1
f 7/9/1 4/9/1 3/9/1
f 7/9/1 6/9/1 5/9/1
f 7/9/1 5/9/1 4/9/1
f 8/9/1 6/9/1 7/9/1
f 11/10/1 10/10/1 9/10/1
f 12/10/1 10/10/1 11/10/1
f 13/10/1 10/10/1 12/10/1
f 14/10/1 10/10/1 13/10/1
f 15/10/1 13/10/1 12/10/1
f 16/10/1 13/10/1 15/10/1
f 21/10/1 18/10/1 17/10/1
f 22/10/1 18/10/1 21/10/1
f 23/10/1 20/10/1 19/10/1
f 24/10/1 20/10/1 23/10/1
f 28/9/1 26/9/1 25/9/1
f 29/9/1 26/9/1 28/9/1
f 31/9/1 28/9/1 27/9/1
f 32/9/1 28/9/1 31/9/1
f 33/9/1 30/9/1 29/9/1
f 34/9/1 30/9/1 33/9/1
f 43/10/1 36/10/1 35/10/1
f 44/10/1 36/10/1 43/10/1
f 45/10/1 38/10/1 37/10/1
f 46/10/1 38/10/1 45/10/1
f 47/10/1 40/10/1 39/10/1
f 48/10/1 40/10/1 47/10/1
f 49/10/1 42/10/1 41/10/1
f 50/10/1 42/10/1 49/10/1
f 53/13/1 52/13/1 51/13/1
f 54/13/1 52/13/1 53/13/1
f 61/9/1 58/9/1 57/9/1
f 62/9/1 58/9/1 61/9/1
f 63/13/1 60/13/1 59/13/1
f 64/13/1 60/13/1 63/13/1
f 65/8/1 56/8/1 55/8/1
f 66/8/1 56/8/1 65/8/1
f 68/9/1 66/9/1 65/9/1
f 68/9/1 67/9/1 66/9/1
f 72/9/1 68/9/1 65/9/1
f 72/9/1 69/9/1 68/9/1
f 73/9/1 69/9/1 72/9/1
f 74/9/1 69/9/1 73/9/1
f 75/1/1 71/1/1 70/1/1
f 76/1/1 71/1/1 75/1/1
f 77/12/1 73/12/1 72/12/1
f 78/12/1 73/12/1 77/12/1
f 91/10/1 80/10/1 79/10/1
f 92/10/1 80/10/1 91/10/1
f 93/10/1 82/10/1 81/10/1
f 94/10/1 82/10/1 93/10/1
f 95/10/1 84/10/1 83/10/1
f 96/10/1 84/10/1 95/10/1
f 97/10/1 86/10/1 85/10/1
f 98/10/1 86/10/1 97/10/1
f 99/10/1 88/10/1 87/10/1
f 100/10/1 88/10/1 99/10/1
f 101/10/1 90/10/1 89/10/1
f 102/10/1 90/10/1 101/10/1
f 115/10/1 104/10/1 103/10/1
f 116/10/1 104/10/1 115/10/1
f 117/10/1 106/10/1 105/10/1
f 118/10/1 106/10/1 117/10/1
f 119/10/1 108/10/1 107/10/1
f 120/10/1 108/10/1 119/10/1
f 121/10/1 110/10/1 109/10/1
f 122/10/1 110/10/1 121/10/1
f 123/10/1 112/10/1 111/10/1
f 124/10/1 112/10/1 123/10/1
f 125/10/1 114/10/1 113/10/1
f 126/10/1 114/10/1 125/10/1
f 139/10/1 128/10/1 127/10/1
f 140/10/1 128/10/1 139/10/1
f 141/10/1 130/10/1 129/10/1
f 142/10/1 130/10/1 141/10/1
f 143/10/1 132/10/1 131/10/1
f 144/10/1 132/10/1 143/10/1
f 145/10/1 134/10/1 133/10/1
f 146/10/1 134/10/1 145/10/1
f 147/10/1 136/10/1 135/10/1
f 148/10/1 136/10/1 147/10/1
f 149/10/1 138/10/1 137/10/1
f 150/10/1 138/10/1 149/10/1
f 153/3/1 152/3/1 151/3/1
f 154/3/1 152/3/1 153/3/1
f 155/1/1 154/1/1 153/1/1
f 156/1/1 154/1/1 155/1/1
f 163/9/1 160/9/1 159/9/1
f 164/9/1 160/9/1 163/9/1
f 165/3/1 162/3/1 161/3/1
f 166/3/1 162/3/1 165/3/1
f 167/8/1 158/8/1 157/8/1
f 168/8/1 158/8/1 167/8/1
f 170/9/1 168/9/1 167/9/1
f 170/9/1 169/9/1 168/9/1
f 174/9/1 170/9/1 167/9/1
f 174/9/1 171/9/1 170/9/1
f 175/9/1 171/9/1 174/9/1
f 176/9/1 171/9/1 175/9/1
f 177/1/1 173/1/1 172/1/1
f 178/1/1 173/1/1 177/1/1
f 179/12/1 175/12/1 174/12/1
f 180/12/1 175/12/1 179/12/1
f 193/10/1 182/10/1 181/10/1
f 194/10/1 182/10/1 193/10/1
f 195/10/1 184/10/1 183/10/1
f 196/10/1 184/10/1 195/10/1
f 197/10/1 186/10/1 185/10/1
f 198/10/1 186/10/1 197/10/1
f 199/10/1 188/10/1 187/10/1
f 200/10/1 188/10/1 199/10/1
f 201/10/1 190/10/1 189/10/1
f 202/10/1 190/10/1 201/10/1
f 203/10/1 192/10/1 191/10/1
f 204/10/1 192/10/1 203/10/1
f 207/2/1 206/2/1 205/2/1
f 208/2/1 206/2/1 207/2/1
f 225/2/1 210/2/1 209/2/1
f 226/2/1 210/2/1 225/2/1
f 227/10/1 212/10/1 211/10/1
f 228/10/1 212/10/1 227/10/1
f 229/10/1 214/10/1 213/10/1
f 230/10/1 214/10/1 229/10/1
f 231/10/1 216/10/1 215/10/1
f 232/10/1 216/10/1 231/10/1
f 233/10/1 218/10/1 217/10/1
f 234/10/1 218/10/1 233/10/1
f 235/10/1 220/10/1 219/10/1
f 236/10/1 220/10/1 235/10/1
f 237/10/1 222/10/1 221/10/1
f 238/10/1 222/10/1 237/10/1
f 239/2/1 224/2/1 223/2/1
f 240/2/1 224/2/1 239/2/1
f 245/2/1 242/2/1 241/2/1
f 246/2/1 242/2/1 245/2/1
f 247/2/1 244/2/1 243/2/1
f 248/2/1 244/2/1 247/2/1
f 249/9/1 248/9/1 247/9/1
f 250/9/1 248/9/1 249/9/1
f 252/9/1 251/9/1 250/9/1
f 253/9/1 251/9/1 252/9/1
f 256/9/1 255/9/1 254/9/1
f 257/9/1 255/9/1 256/9/1
f 266/10/1 259/10/1 258/10/1
f 267/10/1 259/10/1 266/10/1
f 268/10/1 261/10/1 260/10/1
f 269/10/1 261/10/1 268/10/1
f 270/10/1 263/10/1 262/10/1
f 271/10/1 263/10/1 270/10/1
f 272/10/1 265/10/1 264/10/1
f 273/10/1 265/10/1 272/10/1
f 278/2/1 275/2/1 274/2/1
f 279/2/1 275/2/1 278/2/1
f 280/2/1 277/2/1 276/2/1
f 281/2/1 277/2/1 280/2/1
f 282/9/1 281/9/1 280/9/1
f 283/9/1 281/9/1 282/9/1
f 284/9/1 279/9/1 278/9/1
f 285/9/1 279/9/1 284/9/1
f 290/9/1 287/9/1 286/9/1
f 291/9/1 287/9/1 290/9/1
f 292/9/1 289/9/1 288/9/1
f 293/9/1 289/9/1 292/9/1
f 294/9/1 292/9/1 291/9/1
f 295/9/1 292/9/1 294/9/1
f 298/10/1 297/10/1 296/10/1
f 299/10/1 297/10/1 298/10/1
f 310/10/1 301/10/1 300/10/1
f 311/10/1 301/10/1 310/10/1
f 312/10/1 303/10/1 302/10/1
f 313/10/1 303/10/1 312/10/1
f 314/10/1 305/10/1 304/10/1
f 315/10/1 305/10/1 314/10/1
f 316/10/1 307/10/1 306/10/1
f 317/10/1 307/10/1 316/10/1
f 318/10/1 309/10/1 308/10/1
f 319/10/1 309/10/1 318/10/1
f 322/12/1 321/12/1 320/12/1
f 323/12/1 321/12/1 322/12/1
f 324/7/1 323/7/1 322/7/1
f 325/7/1 323/7/1 324/7/1
f 338/10/1 327/10/1 326/10/1
f 339/10/1 327/10/1 338/10/1
f 340/10/1 329/10/1 328/10/1
f 341/10/1 329/10/1 340/10/1
f 342/10/1 331/10/1 330/10/1
f 343/10/1 331/10/1 342/10/1
f 344/10/1 333/10/1 332/10/1
f 345/10/1 333/10/1 344/10/1
f 346/10/1 335/10/1 334/10/1
f 347/10/1 335/10/1 346/10/1
f 348/10/1 337/10/1 336/10/1
f 349/10/1 337/10/1 348/10/1
f 354/9/1 351/9/1 350/9/1
f 355/9/1 351/9/1 354/9/1
f 356/12/1 353/12/1 352/12/1
f 357/12/1 353/12/1 356/12/1
f 360/9/1 359/9/1 358/9/1
f 364/9/1 360/9/1 358/9/1
f 364/9/1 361/9/1 360/9/1
f 365/9/1 361/9/1 364/9/1
f 366/9/1 361/9/1 365/9/1
f 367/7/1 363/7/1 362/7/1
f 368/7/1 363/7/1 367/7/1
f 369/12/1 365/12/1 364/12/1
f 370/12/1 365/12/1 369/12/1
f 373/8/1 372/8/1 371/8/1
f 374/8/1 372/8/1 373/8/1
f 387/10/1 376/10/1 375/10/1
f 388/10/1 376/10/1 387/10/1
f 389/10/1 378/10/1 377/10/1
f 390/10/1 378/10/1 389/10/1
f 391/10/1 380/10/1 379/10/1
f 392/10/1 380/10/1 391/10/1
f 393/10/1 382/10/1 381/10/1
f 394/10/1 382/10/1 393/10/1
f 395/10/1 384/10/1 383/10/1
f 396/10/1 384/10/1 395/10/1
f 397/10/1 386/10/1 385/10/1
f 398/10/1 386/10/1 397/10/1
f 411/10/1 400/10/1 399/10/1
f 412/10/1 400/10/1 411/10/1
f 413/10/1 402/10/1 401/10/1
f 414/10/1 402/10/1 413/10/1
f 415/10/1 404/10/1 403/10/1
f 416/10/1 404/10/1 415/10/1
f 417/10/1 406/10/1 405/10/1
f 418/10/1 406/10/1 417/10/1
f 419/10/1 408/10/1 407/10/1
f 420/10/1 408/10/1 419/10/1
f 421/10/1 410/10/1 409/10/1
f 422/10/1 410/10/1 421/10/1
f 425/12/1 424/12/1 423/12/1
f 426/12/1 424/12/1 425/12/1
f 427/6/1 426/6/1 425/6/1
f 428/6/1 426/6/1 427/6/1
f 441/10/1 430/10/1 429/10/1
f 442/10/1 430/10/1 441/10/1
f 443/10/1 432/10/1 431/10/1
f 444/10/1 432/10/1 443/10/1
f 445/10/1 434/10/1 433/10/1
f 446/10/1 434/10/1 445/10/1
f 447/10/1 436/10/1 435/10/1
f 448/10/1 436/10/1 447/10/1
f 449/10/1 438/10/1 437/10/1
f 450/10/1 438/10/1 449/10/1
f 451/10/1 440/10/1 439/10/1
f 452/10/1 440/10/1 451/10/1
f 457/9/1 454/9/1 453/9/1
f 458/9/1 454/9/1 457/9/1
f 459/6/1 456/6/1 455/6/1
f 460/6/1 456/6/1 459/6/1
f 463/9/1 462/9/1 461/9/1
f 467/9/1 463/9/1 461/9/1
f 467/9/1 464/9/1 463/9/1
f 468/9/1 464/9/1 467/9/1
f 469/9/1 464/9/1 468/9/1
f 470/5/1 466/5/1 465/5/1
f 471/5/1 466/5/1 470/5/1
f 472/12/1 468/12/1 467/12/1
f 473/12/1 468/12/1 472/12/1
f 476/8/1 475/8/1 474/8/1
f 477/8/1 475/8/1 476/8/1
f 490/10/1 479/10/1 478/10/1
f 491/10/1 479/10/1 490/10/1
f 492/10/1 481/10/1 480/10/1
f 493/10/1 481/10/1 492/10/1
f 494/10/1 483/10/1 482/10/1
f 495/10/1 483/10/1 494/10/1
f 496/10/1 485/10/1 484/10/1
f 497/10/1 485/10/1 496/10/1
f 498/10/1 487/10/1 486/10/1
f 499/10/1 487/10/1 498/10/1
f 500/10/1 489/10/1 488/10/1
f 501/10/1 489/10/1 500/10/1
f 510/10/1 503/10/1 502/10/1
f 511/10/1 503/10/1 510/10/1
f 512/10/1 505/10/1 504/10/1
f 513/10/1 505/10/1 512/10/1
f 514/10/1 507/10/1 506/10/1
f 515/10/1 507/10/1 514/10/1
f 516/10/1 509/10/1 508/10/1
f 517/10/1 509/10/1 516/10/1
f 522/9/1 519/9/1 518/9/1
f 523/9/1 519/9/1 522/9/1
f 524/9/1 521/9/1 520/9/1
f 525/9/1 521/9/1 524/9/1
f 526/10/2 527/10/2 534/10/2
f 534/10/2 527/10/2 535/10/2
f 528/10/2 529/10/2 536/10/2
f 536/10/2 529/10/2 537/10/2
f 530/10/2 531/10/2 538/10/2
f 538/10/2 531/10/2 539/10/2
f 532/10/2 533/10/2 540/10/2
f 540/10/2 533/10/2 541/10/2
f 542/9/2 543/9/2 546/9/2
f 546/9/2 543/9/2 547/9/2
f 544/9/2 545/9/2 548/9/2
f 548/9/2 545/9/2 549/9/2
f 550/10/2 551/10/2 562/10/2
f 562/10/2 551/10/2 563/10/2
f 552/10/2 553/10/2 564/10/2
f 564/10/2 553/10/2 565/10/2
f 554/10/2 555/10/2 566/10/2
f 566/10/2 555/10/2 567/10/2
f 556/10/2 557/10/2 568/10/2
f 568/10/2 557/10/2 569/10/2
f 558/10/2 559/10/2 570/10/2
f 570/10/2 559/10/2 571/10/2
f 560/10/2 561/10/2 572/10/2
f 572/10/2 561/10/2 573/10/2
f 574/8/2 575/8/2 576/8/2
f 576/8/2 575/8/2 577/8/2
f 578/10/2 579/10/2 590/10/2
f 590/10/2 579/10/2 591/10/2
f 580/10/2 581/10/2 592/10/2
f 592/10/2 581/10/2 593/10/2
f 582/10/2 583/10/2 594/10/2
f 594/10/2 583/10/2 595/10/2
f 584/10/2 585/10/2 596/10/2
f 596/10/2 585/10/2 597/10/2
f 586/10/2 587/10/2 598/10/2
f 598/10/2 587/10/2 599/10/2
f 588/10/2 589/10/2 600/10/2
f 600/10/2 589/10/2 601/10/2
f 602/9/2 603/9/2 606/9/2
f 606/9/2 603/9/2 607/9/2
f 604/13/2 605/13/2 608/13/2
f 608/13/2 605/13/2 609/13/2
f 610/9/2 611/9/2 612/9/2
f 610/9/2 612/9/2 616/9/2
f 612/9/2 613/9/2 616/9/2
f 616/9/2 613/9/2 617/9/2
f 617/9/2 613/9/2 618/9/2
f 614/1/2 615/1/2 619/1/2
f 619/1/2 615/1/2 620/1/2
f 616/12/2 617/12/2 621/12/2
f 621/12/2 617/12/2 622/12/2
f 623/13/2 624/13/2 625/13/2
f 625/13/2 624/13/2 626/13/2
f 627/10/2 628/10/2 639/10/2
f 639/10/2 628/10/2 640/10/2
f 629/10/2 630/10/2 641/10/2
f 641/10/2 630/10/2 642/10/2
f 631/10/2 632/10/2 643/10/2
f 643/10/2 632/10/2 644/10/2
f 633/10/2 634/10/2 645/10/2
f 645/10/2 634/10/2 646/10/2
f 635/10/2 636/10/2 647/10/2
f 647/10/2 636/10/2 648/10/2
f 637/10/2 638/10/2 649/10/2
f 649/10/2 638/10/2 650/10/2
f 651/10/2 652/10/2 663/10/2
f 663/10/2 652/10/2 664/10/2
f 653/10/2 654/10/2 665/10/2
f 665/10/2 654/10/2 666/10/2
f 655/10/2 656/10/2 667/10/2
f 667/10/2 656/10/2 668/10/2
f 657/10/2 658/10/2 669/10/2
f 669/10/2 658/10/2 670/10/2
f 659/10/2 660/10/2 671/10/2
f 671/10/2 660/10/2 672/10/2
f 661/10/2 662/10/2 673/10/2
f 673/10/2 662/10/2 674/10/2
f 675/8/2 676/8/2 677/8/2
f 677/8/2 676/8/2 678/8/2
f 679/10/2 680/10/2 691/10/2
f 691/10/2 680/10/2 692/10/2
f 681/10/2 682/10/2 693/10/2
f 693/10/2 682/10/2 694/10/2
f 683/10/2 684/10/2 695/10/2
f 695/10/2 684/10/2 696/10/2
f 685/10/2 686/10/2 697/10/2
f 697/10/2 686/10/2 698/10/2
f 687/10/2 688/10/2 699/10/2
f 699/10/2 688/10/2 700/10/2
f 689/10/2 690/10/2 701/10/2
f 701/10/2 690/10/2 702/10/2
f 703/9/2 704/9/2 707/9/2
f 707/9/2 704/9/2 708/9/2
f 705/3/2 706/3/2 709/3/2
f 709/3/2 706/3/2 710/3/2
f 711/9/2 712/9/2 713/9/2
f 711/9/2 713/9/2 717/9/2
f 713/9/2 714/9/2 717/9/2
f 717/9/2 714/9/2 718/9/2
f 718/9/2 714/9/2 719/9/2
f 715/1/2 716/1/2 720/1/2
f 720/1/2 716/1/2 721/1/2
f 717/12/2 718/12/2 722/12/2
f 722/12/2 718/12/2 723/12/2
f 724/3/2 725/3/2 726/3/2
f 726/3/2 725/3/2 727/3/2
f 726/1/2 727/1/2 728/1/2
f 728/1/2 727/1/2 729/1/2
f 730/10/2 731/10/2 740/10/2
f 740/10/2 731/10/2 741/10/2
f 732/10/2 733/10/2 742/10/2
f 742/10/2 733/10/2 743/10/2
f 734/10/2 735/10/2 744/10/2
f 744/10/2 735/10/2 745/10/2
f 736/10/2 737/10/2 746/10/2
f 746/10/2 737/10/2 747/10/2
f 738/10/2 739/10/2 748/10/2
f 748/10/2 739/10/2 749/10/2
f 750/10/2 751/10/2 752/10/2
f 752/10/2 751/10/2 753/10/2
f 754/10/2 755/10/2 762/10/2
f 762/10/2 755/10/2 763/10/2
f 756/10/2 757/10/2 764/10/2
f 764/10/2 757/10/2 765/10/2
f 758/10/2 759/10/2 766/10/2
f 766/10/2 759/10/2 767/10/2
f 760/10/2 761/10/2 768/10/2
f 768/10/2 761/10/2 769/10/2
f 770/2/2 771/2/2 774/2/2
f 774/2/2 771/2/2 775/2/2
f 772/2/2 773/2/2 776/2/2
f 776/2/2 773/2/2 777/2/2
f 776/9/2 777/9/2 778/9/2
f 778/9/2 777/9/2 779/9/2
f 774/9/2 775/9/2 780/9/2
f 780/9/2 775/9/2 781/9/2
f 782/9/2 783/9/2 786/9/2
f 786/9/2 783/9/2 787/9/2
f 784/9/2 785/9/2 788/9/2
f 788/9/2 785/9/2 789/9/2
f 787/9/2 788/9/2 790/9/2
f 790/9/2 788/9/2 791/9/2
f 792/2/2 793/2/2 796/2/2
f 796/2/2 793/2/2 797/2/2
f 794/2/2 795/2/2 798/2/2
f 798/2/2 795/2/2 799/2/2
f 798/9/2 799/9/2 800/9/2
f 800/9/2 799/9/2 801/9/2
f 801/9/2 802/9/2 803/9/2
f 803/9/2 802/9/2 804/9/2
f 805/9/2 806/9/2 807/9/2
f 807/9/2 806/9/2 808/9/2
f 809/2/2 810/2/2 825/2/2
f 825/2/2 810/2/2 826/2/2
f 811/10/2 812/10/2 827/10/2
f 827/10/2 812/10/2 828/10/2
f 813/10/2 814/10/2 829/10/2
f 829/10/2 814/10/2 830/10/2
f 815/10/2 816/10/2 831/10/2
f 831/10/2 816/10/2 832/10/2
f 817/10/2 818/10/2 833/10/2
f 833/10/2 818/10/2 834/10/2
f 819/10/2 820/10/2 835/10/2
f 835/10/2 820/10/2 836/10/2
f 821/10/2 822/10/2 837/10/2
f 837/10/2 822/10/2 838/10/2
f 823/2/2 824/2/2 839/2/2
f 839/2/2 824/2/2 840/2/2
f 841/2/2 842/2/2 843/2/2
f 843/2/2 842/2/2 844/2/2
f 845/10/2 846/10/2 857/10/2
f 857/10/2 846/10/2 858/10/2
f 847/10/2 848/10/2 859/10/2
f 859/10/2 848/10/2 860/10/2
f 849/10/2 850/10/2 861/10/2
f 861/10/2 850/10/2 862/10/2
f 851/10/2 852/10/2 863/10/2
f 863/10/2 852/10/2 864/10/2
f 853/10/2 854/10/2 865/10/2
f 865/10/2 854/10/2 866/10/2
f 855/10/2 856/10/2 867/10/2
f 867/10/2 856/10/2 868/10/2
f 871/9/2 872/9/2 875/9/2
f 875/9/2 872/9/2 876/9/2
f 873/12/2 874/12/2 877/12/2
f 877/12/2 874/12/2 878/12/2
f 869/8/2 870/8/2 879/8/2
f 879/8/2 870/8/2 880/8/2
f 879/9/2 880/9/2 882/9/2
f 880/9/2 881/9/2 882/9/2
f 879/9/2 882/9/2 886/9/2
f 882/9/2 883/9/2 886/9/2
f 886/9/2 883/9/2 887/9/2
f 887/9/2 883/9/2 888/9/2
f 884/7/2 885/7/2 889/7/2
f 889/7/2 885/7/2 890/7/2
f 886/12/2 887/12/2 891/12/2
f 891/12/2 887/12/2 892/12/2
f 893/10/2 894/10/2 905/10/2
f 905/10/2 894/10/2 906/10/2
f 895/10/2 896/10/2 907/10/2
f 907/10/2 896/10/2 908/10/2
f 897/10/2 898/10/2 909/10/2
f 909/10/2 898/10/2 910/10/2
f 899/10/2 900/10/2 911/10/2
f 911/10/2 900/10/2 912/10/2
f 901/10/2 902/10/2 913/10/2
f 913/10/2 902/10/2 914/10/2
f 903/10/2 904/10/2 915/10/2
f 915/10/2 904/10/2 916/10/2
f 917/12/2 918/12/2 919/12/2
f 919/12/2 918/12/2 920/12/2
f 919/7/2 920/7/2 921/7/2
f 921/7/2 920/7/2 922/7/2
f 923/10/2 924/10/2 935/10/2
f 935/10/2 924/10/2 936/10/2
f 925/10/2 926/10/2 937/10/2
f 937/10/2 926/10/2 938/10/2
f 927/10/2 928/10/2 939/10/2
f 939/10/2 928/10/2 940/10/2
f 929/10/2 930/10/2 941/10/2
f 941/10/2 930/10/2 942/10/2
f 931/10/2 932/10/2 943/10/2
f 943/10/2 932/10/2 944/10/2
f 933/10/2 934/10/2 945/10/2
f 945/10/2 934/10/2 946/10/2
f 947/10/2 948/10/2 959/10/2
f 959/10/2 948/10/2 960/10/2
f 949/10/2 950/10/2 961/10/2
f 961/10/2 950/10/2 962/10/2
f 951/10/2 952/10/2 963/10/2
f 963/10/2 952/10/2 964/10/2
f 953/10/2 954/10/2 965/10/2
f 965/10/2 954/10/2 966/10/2
f 955/10/2 956/10/2 967/10/2
f 967/10/2 956/10/2 968/10/2
f 957/10/2 958/10/2 969/10/2
f 969/10/2 958/10/2 970/10/2
f 973/9/2 974/9/2 977/9/2
f 977/9/2 974/9/2 978/9/2
f 975/6/2 976/6/2 979/6/2
f 979/6/2 976/6/2 980/6/2
f 971/8/2 972/8/2 981/8/2
f 981/8/2 972/8/2 982/8/2
f 981/9/2 982/9/2 984/9/2
f 982/9/2 983/9/2 984/9/2
f 981/9/2 984/9/2 988/9/2
f 984/9/2 985/9/2 988/9/2
f 988/9/2 985/9/2 989/9/2
f 989/9/2 985/9/2 990/9/2
f 986/4/2 987/4/2 991/4/2
f 991/4/2 987/4/2 992/4/2
f 988/12/2 989/12/2 993/12/2
f 993/12/2 989/12/2 994/12/2
f 995/10/2 996/10/2 1003/10/2
f 1003/10/2 996/10/2 1004/10/2
f 997/10/2 998/10/2 1005/10/2
f 1005/10/2 998/10/2 1006/10/2
f 999/10/2 1000/10/2 1007/10/2
f 1007/10/2 1000/10/2 1008/10/2
f 1001/10/2 1002/10/2 1009/10/2
f 1009/10/2 1002/10/2 1010/10/2
f 1011/12/2 1012/12/2 1013/12/2
f 1013/12/2 1012/12/2 1014/12/2
f 1013/6/2 1014/6/2 1015/6/2
f 1015/6/2 1014/6/2 1016/6/2
f 1017/10/2 1018/10/2 1021/10/2
f 1021/10/2 1018/10/2 1022/10/2
f 1019/10/2 1020/10/2 1023/10/2
f 1023/10/2 1020/10/2 1024/10/2
f 1025/9/2 1026/9/2 1028/9/2
f 1028/9/2 1026/9/2 1029/9/2
f 1027/9/2 1028/9/2 1031/9/2
f 1031/9/2 1028/9/2 1032/9/2
f 1029/9/2 1030/9/2 1033/9/2
f 1033/9/2 1030/9/2 1034/9/2
f 1035/10/2 1036/10/2 1037/10/2
f 1037/10/2 1036/10/2 1038/10/2
f 1038/10/2 1036/10/2 1039/10/2
f 1039/10/2 1036/10/2 1040/10/2
f 1038/10/2 1039/10/2 1041/10/2
f 1041/10/2 1039/10/2 1042/10/2
f 1043/9/2 1044/9/2 1046/9/2
f 1046/9/2 1044/9/2 1047/9/2
f 1045/9/2 1046/9/2 1049/9/2
f 1047/9/2 1048/9/2 1049/9/2
f 1046/9/2 1047/9/2 1049/9/2
f 1049/9/2 1048/9/2 1050/9/2
f 1053/10/3 1052/10/3 1051/10/3
f 1055/10/3 1053/10/3 1051/10/3
f 1055/10/3 1054/10/3 1053/10/3
f 1056/10/3 1054/10/3 1055/10/3
f 1057/10/3 1055/10/3 1051/10/3
f 1059/10/3 1057/10/3 1051/10/3
f 1059/10/3 1058/10/3 1057/10/3
f 1060/10/3 1058/10/3 1059/10/3
f 1061/10/3 1059/10/3 1051/10/3
f 1062/10/3 1059/10/3 1061/10/3
f 1065/10/3 1064/10/3 1063/10/3
f 1066/10/3 1064/10/3 1065/10/3
f 1069/10/3 1068/10/3 1067/10/3
f 1070/10/3 1068/10/3 1069/10/3
f 1073/10/3 1072/10/3 1071/10/3
f 1074/10/3 1072/10/3 1073/10/3
f 1077/10/3 1076/10/3 1075/10/3
f 1078/10/3 1076/10/3 1077/10/3
f 1081/10/3 1080/10/3 1079/10/3
f 1082/10/3 1080/10/3 1081/10/3
f 1085/10/3 1084/10/3 1083/10/3
f 1086/10/3 1084/10/3 1085/10/3
f 1089/10/3 1088/10/3 1087/10/3
f 1090/10/3 1088/10/3 1089/10/3
f 1093/10/3 1092/10/3 1091/10/3
f 1094/10/3 1092/10/3 1093/10/3
f 1097/10/3 1096/10/3 1095/10/3
f 1098/10/3 1096/10/3 1097/10/3
f 1101/10/3 1100/10/3 1099/10/3
f 1102/10/3 1100/10/3 1101/10/3
f 1105/10/3 1104/10/3 1103/10/3
f 1106/10/3 1104/10/3 1105/10/3
f 1109/10/3 1108/10/3 1107/10/3
f 1110/10/3 1108/10/3 1109/10/3
f 1113/10/3 1112/10/3 1111/10/3
f 1114/10/3 1112/10/3 1113/10/3
f 1117/10/3 1116/10/3 1115/10/3
f 1118/10/3 1116/10/3 1117/10/3
f 1121/10/3 1120/10/3 1119/10/3
f 1122/10/3 1120/10/3 1121/10/3
f 1125/10/3 1124/10/3 1123/10/3
f 1126/10/3 1124/10/3 1125/10/3
f 1129/10/3 1128/10/3 1127/10/3
f 1130/10/3 1128/10/3 1129/10/3
f 1133/10/3 1132/10/3 1131/10/3
f 1134/10/3 1132/10/3 1133/10/3
f 1137/10/3 1136/10/3 1135/10/3
f 1138/10/3 1136/10/3 1137/10/3
f 1141/10/3 1140/10/3 1139/10/3
f 1142/10/3 1140/10/3 1141/10/3
f 1145/10/3 1144/10/3 1143/10/3
f 1146/10/3 1144/10/3 1145/10/3
f 1149/10/3 1148/10/3 1147/10/3
f 1150/10/3 1148/10/3 1149/10/3
f 1153/10/3 1152/10/3 1151/10/3
f 1154/10/3 1152/10/3 1153/10/3
f 1157/10/3 1156/10/3 1155/10/3
f 1158/10/3 1156/10/3 1157/10/3
f 1161/10/3 1160/10/3 1159/10/3
f 1162/10/3 1160/10/3 1161/10/3
f 1165/10/3 1164/10/3 1163/10/3
f 1166/10/3 1164/10/3 1165/10/3
f 1169/10/3 1168/10/3 1167/10/3
f 1170/10/3 1168/10/3 1169/10/3
f 1173/10/3 1172/10/3 1171/10/3
f 1174/10/3 1172/10/3 1173/10/3
f 1177/10/3 1176/10/3 1175/10/3
f 1178/10/3 1176/10/3 1177/10/3
f 1181/10/3 1180/10/3 1179/10/3
f 1182/10/3 1180/10/3 1181/10/3
f 1185/10/3 1184/10/3 1183/10/3
f 1186/10/3 1184/10/3 1185/10/3
f 1189/10/3 1188/10/3 1187/10/3
f 1190/10/3 1188/10/3 1189/10/3
f 1193/10/3 1192/10/3 1191/10/3
f 1194/10/3 1192/10/3 1193/10/3
f 1197/10/3 1196/10/3 1195/10/3
f 1198/10/3 1196/10/3 1197/10/3
f 1201/10/3 1200/10/3 1199/10/3
f 1202/10/3 1200/10/3 1201/10/3
f 1205/10/3 1204/10/3 1203/10/3
f 1206/10/3 1204/10/3 1205/10/3
f 1209/10/3 1208/10/3 1207/10/3
f 1210/10/3 1208/10/3 1209/10/3
f 1213/10/3 1212/10/3 1211/10/3
f 1214/10/3 1212/10/3 1213/10/3
f 1217/10/3 1216/10/3 1215/10/3
f 1218/10/3 1216/10/3 1217/10/3
f 1221/10/3 1220/10/3 1219/10/3
f 1222/10/3 1220/10/3 1221/10/3
f 1225/10/3 1224/10/3 1223/10/3
f 1226/10/3 1224/10/3 1225/10/3
f 1229/10/3 1228/10/3 1227/10/3
f 1230/10/3 1228/10/3 1229/10/3
f 1233/10/3 1232/10/3 1231/10/3
f 1234/10/3 1232/10/3 1233/10/3
f 1237/10/3 1236/10/3 1235/10/3
f 1238/10/3 1236/10/3 1237/10/3
f 1241/10/3 1240/10/3 1239/10/3
f 1242/10/3 1240/10/3 1241/10/3
f 1245/10/3 1244/10/3 1243/10/3
f 1246/10/3 1244/10/3 1245/10/3
f 1249/10/3 1248/10/3 1247/10/3
f 1250/10/3 1248/10/3 1249/10/3
f 1253/10/3 1252/10/3 1251/10/3
f 1254/10/3 1252/10/3 1253/10/3
f 1257/10/3 1256/10/3 1255/10/3
f 1258/10/3 1256/10/3 1257/10/3
f 1261/10/3 1260/10/3 1259/10/3
f 1262/10/3 1260/10/3 1261/10/3
f 1265/10/3 1264/10/3 1263/10/3
f 1266/10/3 1264/10/3 1265/10/3
f 1269/10/3 1268/10/3 1267/10/3
f 1270/10/3 1268/10/3 1269/10/3
f 1273/10/3 1272/10/3 1271/10/3
f 1274/10/3 1272/10/3 1273/10/3
f 1277/10/3 1276/10/3 1275/10/3
f 1278/10/3 1276/10/3 1277/10/3
f 1281/10/3 1280/10/3 1279/10/3
f 1282/10/3 1280/10/3 1281/10/3
f 1285/10/3 1284/10/3 1283/10/3
f 1286/10/3 1284/10/3 1285/10/3
f 1289/10/3 1288/10/3 1287/10/3
f 1290/10/3 1288/10/3 1289/10/3
f 1295/8/3 1292/8/3 1291/8/3
f 1296/9/3 1293/9/3 1292/9/3
f 1296/8/3 1292/8/3 1295/8/3
f 1297/9/3 1293/9/3 1296/9/3
f 1298/12/3 1294/12/3 1293/12/3
f 1298/9/3 1293/9/3 1297/9/3
f 1299/12/3 1294/12/3 1298/12/3
f 1304/8/3 1301/8/3 1300/8/3
f 1305/9/3 1302/9/3 1301/9/3
f 1305/8/3 1301/8/3 1304/8/3
f 1306/9/3 1302/9/3 1305/9/3
f 1307/12/3 1303/12/3 1302/12/3
f 1307/9/3 1302/9/3 1306/9/3
f 1308/12/3 1303/12/3 1307/12/3
f 1313/9/3 1310/9/3 1309/9/3
f 1314/8/3 1313/8/3 1312/8/3
f 1315/9/3 1310/9/3 1313/9/3
f 1315/8/3 1313/8/3 1314/8/3
f 1316/12/3 1311/12/3 1310/12/3
f 1316/9/3 1310/9/3 1315/9/3
f 1317/12/3 1311/12/3 1316/12/3
f 1322/9/3 1319/9/3 1318/9/3
f 1323/8/3 1322/8/3 1321/8/3
f 1324/9/3 1319/9/3 1322/9/3
f 1324/8/3 1322/8/3 1323/8/3
f 1325/12/3 1320/12/3 1319/12/3
f 1325/9/3 1319/9/3 1324/9/3
f 1326/12/3 1320/12/3 1325/12/3
f 1329/10/3 1328/10/3 1327/10/3
f 1330/10/3 1328/10/3 1329/10/3
f 1333/10/3 1332/10/3 1331/10/3
f 1334/10/3 1332/10/3 1333/10/3
f 1337/10/3 1336/10/3 1335/10/3
f 1338/10/3 1336/10/3 1337/10/3
f 1341/10/3 1340/10/3 1339/10/3
f 1342/10/3 1340/10/3 1341/10/3
f 1345/10/3 1344/10/3 1343/10/3
f 1346/10/3 1344/10/3 1345/10/3
f 1349/10/3 1348/10/3 1347/10/3
f 1350/10/3 1348/10/3 1349/10/3
f 1353/10/3 1352/10/3 1351/10/3
f 1354/10/3 1352/10/3 1353/10/3
f 1357/10/3 1356/10/3 1355/10/3
f 1358/10/3 1356/10/3 1357/10/3
f 1361/10/3 1360/10/3 1359/10/3
f 1362/10/3 1360/10/3 1361/10/3
f 1365/10/3 1364/10/3 1363/10/3
f 1366/10/3 1364/10/3 1365/10/3
f 1369/10/3 1368/10/3 1367/10/3
f 1370/10/3 1368/10/3 1369/10/3
f 1373/10/3 1372/10/3 1371/10/3
f 1374/10/3 1372/10/3 1373/10/3
f 1377/10/3 1376/10/3 1375/10/3
f 1378/10/3 1376/10/3 1377/10/3
f 1381/10/3 1380/10/3 1379/10/3
f 1382/10/3 1380/10/3 1381/10/3
f 1386/9/3 1384/9/3 1383/9/3
f 1387/9/3 1384/9/3 1386/9/3
f 1388/9/3 1384/9/3 1387/9/3
f 1392/9/3 1386/9/3 1385/9/3
f 1392/9/3 1387/9/3 1386/9/3
f 1393/9/3 1387/9/3 1392/9/3
f 1394/9/3 1387/9/3 1393/9/3
f 1395/10/3 1390/10/3 1389/10/3
f 1396/10/3 1390/10/3 1395/10/3
f 1399/9/3 1392/9/3 1391/9/3
f 1399/9/3 1393/9/3 1392/9/3
f 1400/9/3 1393/9/3 1399/9/3
f 1401/9/3 1393/9/3 1400/9/3
f 1403/10/3 1398/10/3 1397/10/3
f 1404/10/3 1398/10/3 1403/10/3
f 1407/10/3 1406/10/3 1405/10/3
f 1408/10/3 1406/10/3 1407/10/3
f 1412/9/3 1402/9/3 1401/9/3
f 1412/9/3 1401/9/3 1400/9/3
f 1413/9/3 1402/9/3 1412/9/3
f 1414/9/3 1402/9/3 1413/9/3
f 1415/10/3 1410/10/3 1409/10/3
f 1416/10/3 1410/10/3 1415/10/3
f 1419/9/3 1412/9/3 1411/9/3
f 1419/9/3 1413/9/3 1412/9/3
f 1420/9/3 1413/9/3 1419/9/3
f 1421/9/3 1413/9/3 1420/9/3
f 1423/10/3 1418/10/3 1417/10/3
f 1424/10/3 1418/10/3 1423/10/3
f 1427/9/3 1422/9/3 1421/9/3
f 1427/9/3 1421/9/3 1420/9/3
f 1428/9/3 1422/9/3 1427/9/3
f 1430/2/3 1426/2/3 1425/2/3
f 1431/9/3 1428/9/3 1427/9/3
f 1431/2/3 1426/2/3 1430/2/3
f 1431/9/3 1427/9/3 1426/9/3
f 1431/9/3 1429/9/3 1428/9/3
f 1432/9/3 1429/9/3 1431/9/3
f 1433/9/3 1429/9/3 1432/9/3
f 1434/9/3 1429/9/3 1433/9/3
f 1437/10/3 1436/10/3 1435/10/3
f 1438/10/3 1436/10/3 1437/10/3
f 1440/9/3 1433/9/3 1432/9/3
f 1441/9/3 1433/9/3 1440/9/3
f 1442/9/3 1433/9/3 1441/9/3
f 1445/10/3 1444/10/3 1443/10/3
f 1446/10/3 1444/10/3 1445/10/3
f 1447/9/3 1440/9/3 1439/9/3
f 1447/9/3 1441/9/3 1440/9/3
f 1448/9/3 1441/9/3 1447/9/3
f 1449/9/3 1441/9/3 1448/9/3
f 1453/10/3 1452/10/3 1451/10/3
f 1454/10/3 1452/10/3 1453/10/3
f 1457/10/3 1456/10/3 1455/10/3
f 1458/10/3 1456/10/3 1457/10/3
f 1460/9/3 1450/9/3 1449/9/3
f 1460/9/3 1449/9/3 1448/9/3
f 1461/9/3 1450/9/3 1460/9/3
f 1462/9/3 1450/9/3 1461/9/3
f 1465/10/3 1464/10/3 1463/10/3
f 1466/10/3 1464/10/3 1465/10/3
f 1467/9/3 1460/9/3 1459/9/3
f 1467/9/3 1461/9/3 1460/9/3
f 1468/9/3 1461/9/3 1467/9/3
f 1469/9/3 1461/9/3 1468/9/3
f 1471/9/3 1470/9/3 1469/9/3
f 1471/9/3 1469/9/3 1468/9/3
f 1472/9/3 1470/9/3 1471/9/3
f 1473/9/3 1470/9/3 1472/9/3
f 1475/9/3 1473/9/3 1472/9/3
f 1475/9/3 1474/9/3 1473/9/3
f 1476/9/3 1474/9/3 1475/9/3
f 1480/9/3 1478/9/3 1477/9/3
f 1481/9/3 1478/9/3 1480/9/3
f 1484/9/3 1480/9/3 1479/9/3
f 1485/9/3 1480/9/3 1484/9/3
f 1486/9/3 1483/9/3 1482/9/3
f 1487/9/3 1483/9/3 1486/9/3
f 1492/9/3 1489/9/3 1488/9/3
f 1493/9/3 1489/9/3 1492/9/3
f 1494/9/3 1491/9/3 1490/9/3
f 1495/9/3 1491/9/3 1494/9/3
f 1502/9/3 1497/9/3 1496/9/3
f 1503/9/3 1499/9/3 1498/9/3
f 1505/2/3 1501/2/3 1500/2/3
f 1506/9/3 1502/9/3 1501/9/3
f 1506/2/3 1501/2/3 1505/2/3
f 1507/9/3 1497/9/3 1502/9/3
f 1507/9/3 1502/9/3 1506/9/3
f 1508/9/3 1503/9/3 1498/9/3
f 1508/9/3 1504/9/3 1503/9/3
f 1509/9/3 1504/9/3 1508/9/3
f 1515/9/3 1510/9/3 1509/9/3
f 1516/9/3 1510/9/3 1515/9/3
f 1517/2/3 1512/2/3 1511/2/3
f 1518/9/3 1513/9/3 1512/9/3
f 1518/2/3 1512/2/3 1517/2/3
f 1519/9/3 1513/9/3 1518/9/3
f 1520/9/3 1515/9/3 1514/9/3
f 1521/9/3 1515/9/3 1520/9/3
f 1522/9/3 1513/9/3 1519/9/3
f 1523/9/3 1513/9/3 1522/9/3
f 1524/9/3 1520/9/3 1514/9/3
f 1525/9/3 1520/9/3 1524/9/3
f 1530/9/3 1527/9/3 1526/9/3
f 1531/9/3 1527/9/3 1530/9/3
f 1532/9/3 1529/9/3 1528/9/3
f 1533/9/3 1529/9/3 1532/9/3
f 1538/9/3 1535/9/3 1534/9/3
f 1539/9/3 1535/9/3 1538/9/3
f 1541/9/3 1537/9/3 1536/9/3
f 1542/9/3 1537/9/3 1541/9/3
f 1543/9/3 1540/9/3 1539/9/3
f 1544/9/3 1540/9/3 1543/9/3
f 1549/13/3 1546/13/3 1545/13/3
f 1550/13/3 1546/13/3 1549/13/3
f 1551/1/3 1548/1/3 1547/1/3
f 1552/1/3 1548/1/3 1551/1/3
f 1557/3/3 1554/3/3 1553/3/3
f 1558/3/3 1554/3/3 1557/3/3
f 1559/1/3 1556/1/3 1555/1/3
f 1560/1/3 1556/1/3 1559/1/3
f 1565/12/3 1562/12/3 1561/12/3
f 1566/12/3 1562/12/3 1565/12/3
f 1567/7/3 1564/7/3 1563/7/3
f 1568/7/3 1564/7/3 1567/7/3
f 1573/5/3 1572/5/3 1571/5/3
f 1574/5/3 1572/5/3 1573/5/3
f 1575/6/3 1570/6/3 1569/6/3
f 1576/6/3 1570/6/3 1575/6/3
f 1577/4/3 1574/4/3 1573/4/3
f 1578/4/3 1574/4/3 1577/4/3
f 1579/10/4 1580/10/4 1581/10/4
f 1581/10/4 1580/10/4 1582/10/4
f 1583/10/4 1584/10/4 1585/10/4
f 1585/10/4 1584/10/4 1586/10/4
f 1587/10/4 1588/10/4 1589/10/4
f 1589/10/4 1588/10/4 1590/10/4
f 1591/10/4 1592/10/4 1593/10/4
f 1593/10/4 1592/10/4 1594/10/4
f 1595/10/4 1596/10/4 1597/10/4
f 1597/10/4 1596/10/4 1598/10/4
f 1599/10/4 1600/10/4 1601/10/4
f 1601/10/4 1600/10/4 1602/10/4
f 1603/10/4 1604/10/4 1605/10/4
f 1605/10/4 1604/10/4 1606/10/4
f 1607/10/4 1608/10/4 1609/10/4
f 1609/10/4 1608/10/4 1610/10/4
f 1611/10/4 1612/10/4 1613/10/4
f 1613/10/4 1612/10/4 1614/10/4
f 1615/10/4 1616/10/4 1617/10/4
f 1617/10/4 1616/10/4 1618/10/4
f 1619/10/4 1620/10/4 1621/10/4
f 1621/10/4 1620/10/4 1622/10/4
f 1623/10/4 1624/10/4 1625/10/4
f 1625/10/4 1624/10/4 1626/10/4
f 1627/10/4 1628/10/4 1629/10/4
f 1629/10/4 1628/10/4 1630/10/4
f 1631/10/4 1632/10/4 1633/10/4
f 1633/10/4 1632/10/4 1634/10/4
f 1635/10/4 1636/10/4 1637/10/4
f 1637/10/4 1636/10/4 1638/10/4
f 1639/10/4 1640/10/4 1641/10/4
f 1641/10/4 1640/10/4 1642/10/4
f 1643/10/4 1644/10/4 1645/10/4
f 1645/10/4 1644/10/4 1646/10/4
f 1647/10/4 1648/10/4 1649/10/4
f 1649/10/4 1648/10/4 1650/10/4
f 1651/10/4 1652/10/4 1653/10/4
f 1653/10/4 1652/10/4 1654/10/4
f 1655/10/4 1656/10/4 1657/10/4
f 1657/10/4 1656/10/4 1658/10/4
f 1659/10/4 1660/10/4 1661/10/4
f 1661/10/4 1660/10/4 1662/10/4
f 1663/10/4 1664/10/4 1665/10/4
f 1665/10/4 1664/10/4 1666/10/4
f 1667/10/4 1668/10/4 1669/10/4
f 1669/10/4 1668/10/4 1670/10/4
f 1671/10/4 1672/10/4 1673/10/4
f 1673/10/4 1672/10/4 1674/10/4
f 1675/10/4 1676/10/4 1677/10/4
f 1677/10/4 1676/10/4 1678/10/4
f 1679/10/4 1680/10/4 1681/10/4
f 1681/10/4 1680/10/4 1682/10/4
f 1683/10/4 1684/10/4 1685/10/4
f 1685/10/4 1684/10/4 1686/10/4
f 1687/10/4 1688/10/4 1689/10/4
f 1689/10/4 1688/10/4 1690/10/4
f 1691/10/4 1692/10/4 1693/10/4
f 1693/10/4 1692/10/4 1694/10/4
f 1695/10/4 1696/10/4 1697/10/4
f 1697/10/4 1696/10/4 1698/10/4
f 1699/10/4 1700/10/4 1701/10/4
f 1701/10/4 1700/10/4 1702/10/4
f 1703/10/4 1704/10/4 1705/10/4
f 1705/10/4 1704/10/4 1706/10/4
f 1707/10/4 1708/10/4 1709/10/4
f 1709/10/4 1708/10/4 1710/10/4
f 1711/10/4 1712/10/4 1713/10/4
f 1713/10/4 1712/10/4 1714/10/4
f 1715/10/4 1716/10/4 1717/10/4
f 1717/10/4 1716/10/4 1718/10/4
f 1719/10/4 1720/10/4 1721/10/4
f 1721/10/4 1720/10/4 1722/10/4
f 1723/10/4 1724/10/4 1725/10/4
f 1725/10/4 1724/10/4 1726/10/4
f 1727/10/4 1728/10/4 1729/10/4
f 1729/10/4 1728/10/4 1730/10/4
f 1731/10/4 1732/10/4 1733/10/4
f 1733/10/4 1732/10/4 1734/10/4
f 1735/10/4 1736/10/4 1737/10/4
f 1737/10/4 1736/10/4 1738/10/4
f 1739/10/4 1740/10/4 1741/10/4
f 1741/10/4 1740/10/4 1742/10/4
f 1743/10/4 1744/10/4 1745/10/4
f 1745/10/4 1744/10/4 1746/10/4
f 1747/10/4 1748/10/4 1749/10/4
f 1749/10/4 1748/10/4 1750/10/4
f 1751/10/4 1752/10/4 1753/10/4
f 1753/10/4 1752/10/4 1754/10/4
f 1755/10/4 1756/10/4 1757/10/4
f 1757/10/4 1756/10/4 1758/10/4
f 1759/10/4 1760/10/4 1761/10/4
f 1761/10/4 1760/10/4 1762/10/4
f 1763/10/4 1764/10/4 1765/10/4
f 1765/10/4 1764/10/4 1766/10/4
f 1767/10/4 1768/10/4 1769/10/4
f 1769/10/4 1768/10/4 1770/10/4
f 1771/10/4 1772/10/4 1773/10/4
f 1773/10/4 1772/10/4 1774/10/4
f 1775/10/4 1776/10/4 1777/10/4
f 1777/10/4 1776/10/4 1778/10/4
f 1779/10/4 1780/10/4 1781/10/4
f 1781/10/4 1780/10/4 1782/10/4
f 1783/10/4 1784/10/4 1785/10/4
f 1785/10/4 1784/10/4 1786/10/4
f 1787/10/4 1788/10/4 1789/10/4
f 1789/10/4 1788/10/4 1790/10/4
f 1791/10/4 1792/10/4 1793/10/4
f 1793/10/4 1792/10/4 1794/10/4
f 1795/10/4 1796/10/4 1797/10/4
f 1797/10/4 1796/10/4 1798/10/4
f 1799/10/4 1800/10/4 1801/10/4
f 1801/10/4 1800/10/4 1802/10/4
f 1803/10/4 1804/10/4 1805/10/4
f 1805/10/4 1804/10/4 1806/10/4
f 1807/10/4 1808/10/4 1809/10/4
f 1809/10/4 1808/10/4 1810/10/4
f 1811/10/4 1812/10/4 1813/10/4
f 1813/10/4 1812/10/4 1814/10/4
f 1815/10/4 1816/10/4 1817/10/4
f 1817/10/4 1816/10/4 1818/10/4
f 1819/10/4 1820/10/4 1821/10/4
f 1821/10/4 1820/10/4 1822/10/4
f 1823/10/4 1824/10/4 1825/10/4
f 1825/10/4 1824/10/4 1826/10/4
f 1827/10/4 1828/10/4 1829/10/4
f 1829/10/4 1828/10/4 1830/10/4
f 1831/10/4 1832/10/4 1833/10/4
f 1833/10/4 1832/10/4 1834/10/4
f 1835/10/4 1836/10/4 1837/10/4
f 1837/10/4 1836/10/4 1838/10/4
f 1839/10/4 1840/10/4 1841/10/4
f 1841/10/4 1840/10/4 1842/10/4
f 1843/8/4 1844/8/4 1845/8/4
f 1845/8/4 1844/8/4 1846/8/4
f 1847/8/4 1848/8/4 1849/8/4
f 1849/8/4 1848/8/4 1850/8/4
f 1851/8/4 1852/8/4 1853/8/4
f 1853/8/4 1852/8/4 1854/8/4
f 1855/8/4 1856/8/4 1857/8/4
f 1857/8/4 1856/8/4 1858/8/4
f 1859/10/4 1860/10/4 1863/10/4
f 1863/10/4 1860/10/4 1864/10/4
f 1861/12/4 1862/12/4 1867/12/4
f 1867/12/4 1862/12/4 1868/12/4
f 1865/10/4 1866/10/4 1869/10/4
f 1869/10/4 1866/10/4 1870/10/4
f 1871/10/4 1872/10/4 1873/10/4
f 1873/10/4 1872/10/4 1874/10/4
f 1875/10/4 1876/10/4 1879/10/4
f 1879/10/4 1876/10/4 1880/10/4
f 1877/12/4 1878/12/4 1883/12/4
f 1883/12/4 1878/12/4 1884/12/4
f 1881/10/4 1882/10/4 1885/10/4
f 1885/10/4 1882/10/4 1886/10/4
f 1887/10/4 1888/10/4 1889/10/4
f 1889/10/4 1888/10/4 1890/10/4
f 1893/10/4 1894/10/4 1895/10/4
f 1895/10/4 1894/10/4 1896/10/4
f 1891/12/4 1892/12/4 1897/12/4
f 1897/12/4 1892/12/4 1898/12/4
f 1899/10/4 1900/10/4 1901/10/4
f 1901/10/4 1900/10/4 1902/10/4
f 1903/10/4 1904/10/4 1905/10/4
f 1905/10/4 1904/10/4 1906/10/4
f 1909/10/4 1910/10/4 1911/10/4
f 1911/10/4 1910/10/4 1912/10/4
f 1907/12/4 1908/12/4 1913/12/4
f 1913/12/4 1908/12/4 1914/12/4
f 1915/10/4 1916/10/4 1917/10/4
f 1917/10/4 1916/10/4 1918/10/4
f 1919/10/4 1920/10/4 1921/10/4
f 1921/10/4 1920/10/4 1922/10/4
f 1923/10/4 1924/10/4 1925/10/4
f 1923/10/4 1925/10/4 1927/10/4
f 1925/10/4 1926/10/4 1927/10/4
f 1927/10/4 1926/10/4 1928/10/4
f 1928/10/4 1926/10/4 1929/10/4
f 1929/10/4 1926/10/4 1930/10/4
f 1931/10/4 1932/10/4 1934/10/4
f 1934/10/4 1932/10/4 1935/10/4
f 1933/10/4 1934/10/4 1935/10/4
f 1935/10/4 1932/10/4 1936/10/4
f 1933/10/4 1935/10/4 1937/10/4
f 1937/10/4 1935/10/4 1938/10/4
f 1939/9/4 1940/9/4 1942/9/4
f 1942/9/4 1940/9/4 1943/9/4
f 1941/9/4 1942/9/4 1948/9/4
f 1948/9/4 1942/9/4 1949/9/4
f 1944/9/4 1945/9/4 1950/9/4
f 1946/2/4 1947/2/4 1952/2/4
f 1947/9/4 1948/9/4 1953/9/4
f 1952/2/4 1947/2/4 1953/2/4
f 1953/9/4 1948/9/4 1954/9/4
f 1950/9/4 1951/9/4 1955/9/4
f 1944/9/4 1950/9/4 1955/9/4
f 1955/9/4 1951/9/4 1956/9/4
f 1956/9/4 1957/9/4 1962/9/4
f 1962/9/4 1957/9/4 1963/9/4
f 1958/2/4 1959/2/4 1964/2/4
f 1959/9/4 1960/9/4 1965/9/4
f 1964/2/4 1959/2/4 1965/2/4
f 1965/9/4 1960/9/4 1966/9/4
f 1961/9/4 1962/9/4 1968/9/4
f 1968/9/4 1962/9/4 1969/9/4
f 1966/9/4 1967/9/4 1970/9/4
f 1970/9/4 1967/9/4 1971/9/4
f 1961/9/4 1968/9/4 1973/9/4
f 1973/9/4 1968/9/4 1974/9/4
f 1971/9/4 1972/9/4 1975/9/4
f 1975/9/4 1972/9/4 1976/9/4
f 1977/9/4 1978/9/4 1980/9/4
f 1980/9/4 1978/9/4 1981/9/4
f 1981/9/4 1978/9/4 1982/9/4
f 1979/9/4 1980/9/4 1983/9/4
f 1980/9/4 1981/9/4 1983/9/4
f 1983/9/4 1981/9/4 1984/9/4
f 1985/9/4 1986/9/4 1987/9/4
f 1987/9/4 1986/9/4 1988/9/4
f 1988/9/4 1986/9/4 1989/9/4
f 1990/2/4 1991/2/4 1995/2/4
f 1995/2/4 1991/2/4 1996/2/4
f 1993/9/4 1994/9/4 1998/9/4
f 1992/9/4 1993/9/4 1998/9/4
f 1997/9/4 1998/9/4 2001/9/4
f 1998/9/4 1994/9/4 2002/9/4
f 2001/9/4 1998/9/4 2002/9/4
f 1999/2/4 2000/2/4 2004/2/4
f 2001/9/4 2002/9/4 2005/9/4
f 2004/2/4 2000/2/4 2005/2/4
f 2000/9/4 2001/9/4 2005/9/4
f 2002/9/4 2003/9/4 2005/9/4
f 2005/9/4 2003/9/4 2006/9/4
f 2006/9/4 2003/9/4 2007/9/4
f 2007/9/4 2003/9/4 2008/9/4
f 2006/9/4 2007/9/4 2011/9/4
f 2011/9/4 2007/9/4 2012/9/4
f 2009/2/4 2010/2/4 2013/2/4
f 2013/2/4 2010/2/4 2014/2/4
f 2012/9/4 2007/9/4 2015/9/4
f 2015/9/4 2007/9/4 2016/9/4
f 2016/9/4 2007/9/4 2017/9/4
f 2018/9/4 2019/9/4 2021/9/4
f 2019/9/4 2020/9/4 2021/9/4
f 2021/9/4 2020/9/4 2022/9/4
f 2022/9/4 2020/9/4 2023/9/4
f 2024/9/4 2025/9/4 2027/9/4
f 2025/9/4 2026/9/4 2027/9/4
f 2027/9/4 2026/9/4 2028/9/4
f 2028/9/4 2026/9/4 2029/9/4
f 2028/9/4 2029/9/4 2031/9/4
f 2029/9/4 2030/9/4 2031/9/4
f 2031/9/4 2030/9/4 2032/9/4
f 2033/13/4 2034/13/4 2036/13/4
f 2036/13/4 2034/13/4 2037/13/4
f 2035/13/4 2036/13/4 2039/13/4
f 2036/13/4 2037/13/4 2039/13/4
f 2037/1/4 2038/1/4 2040/1/4
f 2039/13/4 2037/13/4 2040/13/4
f 2035/13/4 2039/13/4 2041/13/4
f 2041/13/4 2039/13/4 2042/13/4
f 2039/1/4 2040/1/4 2043/1/4
f 2042/13/4 2039/13/4 2043/13/4
f 2040/1/4 2038/1/4 2044/1/4
f 2043/1/4 2040/1/4 2044/1/4
f 2044/1/4 2038/1/4 2045/1/4
f 2042/13/4 2043/13/4 2046/13/4
f 2043/13/4 2044/13/4 2046/13/4
f 2046/13/4 2044/13/4 2047/13/4
f 2048/3/4 2049/3/4 2052/3/4
f 2049/1/4 2050/1/4 2053/1/4
f 2051/3/4 2052/3/4 2055/3/4
f 2052/3/4 2049/3/4 2055/3/4
f 2049/1/4 2053/1/4 2056/1/4
f 2055/3/4 2049/3/4 2056/3/4
f 2053/1/4 2054/1/4 2056/1/4
f 2051/3/4 2055/3/4 2059/3/4
f 2055/1/4 2056/1/4 2060/1/4
f 2059/3/4 2055/3/4 2060/3/4
f 2056/1/4 2054/1/4 2061/1/4
f 2060/1/4 2056/1/4 2061/1/4
f 2061/1/4 2054/1/4 2062/1/4
f 2062/1/4 2054/1/4 2063/1/4
f 2057/2/4 2058/2/4 2064/2/4
f 2064/2/4 2058/2/4 2065/2/4
f 2060/3/4 2061/3/4 2066/3/4
f 2061/1/4 2062/1/4 2067/1/4
f 2066/3/4 2061/3/4 2067/3/4
f 2067/1/4 2062/1/4 2068/1/4
f 2069/2/4 2070/2/4 2071/2/4
f 2071/2/4 2070/2/4 2072/2/4
f 2073/2/4 2074/2/4 2078/2/4
f 2078/2/4 2074/2/4 2079/2/4
f 2075/12/4 2076/12/4 2081/12/4
f 2076/7/4 2077/7/4 2082/7/4
f 2080/12/4 2081/12/4 2084/12/4
f 2081/12/4 2076/12/4 2085/12/4
f 2084/12/4 2081/12/4 2085/12/4
f 2076/7/4 2082/7/4 2086/7/4
f 2082/7/4 2083/7/4 2086/7/4
f 2086/7/4 2083/7/4 2087/7/4
f 2085/12/4 2076/12/4 2088/12/4
f 2076/7/4 2086/7/4 2089/7/4
f 2088/12/4 2076/12/4 2089/12/4
f 2089/7/4 2086/7/4 2090/7/4
f 2091/12/4 2092/12/4 2095/12/4
f 2092/6/4 2093/6/4 2096/6/4
f 2095/12/4 2092/12/4 2096/12/4
f 2096/6/4 2093/6/4 2097/6/4
f 2096/4/4 2097/4/4 2099/4/4
f 2095/12/4 2096/12/4 2099/12/4
f 2097/5/4 2098/5/4 2100/5/4
f 2099/4/4 2097/4/4 2100/4/4
f 2100/5/4 2098/5/4 2101/5/4
f 2094/6/4 2095/6/4 2102/6/4
f 2095/12/4 2099/12/4 2103/12/4
f 2102/6/4 2095/6/4 2103/6/4
f 2099/5/4 2100/5/4 2104/5/4
f 2103/12/4 2099/12/4 2104/12/4
f 2100/4/4 2101/4/4 2105/4/4
f 2104/5/4 2100/5/4 2105/5/4
f 2105/4/4 2101/4/4 2106/4/4
f 2103/12/4 2104/12/4 2107/12/4
f 2104/6/4 2105/6/4 2108/6/4
f 2107/12/4 2104/12/4 2108/12/4
f 2108/6/4 2105/6/4 2109/6/4
f 2110/2/4 2111/2/4 2112/2/4
f 2112/2/4 2111/2/4 2113/2/4
f 2116/10/5 2115/10/5 2114/10/5
f 2117/10/5 2115/10/5 2116/10/5
f 2118/10/5 2115/10/5 2117/10/5
f 2119/10/5 2115/10/5 2118/10/5
f 2120/10/5 2115/10/5 2119/10/5
f 2121/10/5 2115/10/5 2120/10/5
f 2122/10/5 2115/10/5 2121/10/5
f 2123/10/5 2115/10/5 2122/10/5
f 2124/10/5 2115/10/5 2123/10/5
f 2125/10/5 2115/10/5 2124/10/5
f 2126/10/5 2115/10/5 2125/10/5
f 2127/10/5 2115/10/5 2126/10/5
f 2128/10/5 2115/10/5 2127/10/5
f 2129/10/5 2115/10/5 2128/10/5
f 2130/10/5 2115/10/5 2129/10/5
f 2131/10/5 2115/10/5 2130/10/5
f 2132/10/5 2115/10/5 2131/10/5
f 2133/10/5 2115/10/5 2132/10/5
f 2134/10/5 2115/10/5 2133/10/5
f 2135/10/5 2115/10/5 2134/10/5
f 2136/10/5 2115/10/5 2135/10/5
f 2137/10/5 2115/10/5 2136/10/5
f 2138/10/5 2115/10/5 2137/10/5
f 2139/10/5 2115/10/5 2138/10/5
f 2140/10/5 2115/10/5 2139/10/5
f 2141/10/5 2115/10/5 2140/10/5
f 2142/10/5 2115/10/5 2141/10/5
f 2143/10/5 2115/10/5 2142/10/5
f 2144/10/5 2116/10/5 2114/10/5
f 2144/11/5 2117/11/5 2116/11/5
f 2145/10/5 2118/10/5 2117/10/5
f 2145/11/5 2117/11/5 2144/11/5
f 2146/11/5 2119/11/5 2118/11/5
f 2146/10/5 2118/10/5 2145/10/5
f 2147/10/5 2120/10/5 2119/10/5
f 2147/11/5 2119/11/5 2146/11/5
f 2148/11/5 2121/11/5 2120/11/5
f 2148/10/5 2120/10/5 2147/10/5
f 2149/10/5 2122/10/5 2121/10/5
f 2149/11/5 2121/11/5 2148/11/5
f 2150/11/5 2123/11/5 2122/11/5
f 2150/10/5 2122/10/5 2149/10/5
f 2151/10/5 2124/10/5 2123/10/5
f 2151/11/5 2123/11/5 2150/11/5
f 2152/11/5 2125/11/5 2124/11/5
f 2152/10/5 2124/10/5 2151/10/5
f 2153/10/5 2126/10/5 2125/10/5
f 2153/11/5 2125/11/5 2152/11/5
f 2154/11/5 2127/11/5 2126/11/5
f 2154/10/5 2126/10/5 2153/10/5
f 2155/10/5 2128/10/5 2127/10/5
f 2155/11/5 2127/11/5 2154/11/5
f 2156/11/5 2129/11/5 2128/11/5
f 2156/10/5 2128/10/5 2155/10/5
f 2157/10/5 2130/10/5 2129/10/5
f 2157/11/5 2129/11/5 2156/11/5
f 2158/11/5 2131/11/5 2130/11/5
f 2158/10/5 2130/10/5 2157/10/5
f 2159/10/5 2132/10/5 2131/10/5
f 2159/11/5 2131/11/5 2158/11/5
f 2160/11/5 2133/11/5 2132/11/5
f 2160/10/5 2132/10/5 2159/10/5
f 2161/10/5 2134/10/5 2133/10/5
f 2161/11/5 2133/11/5 2160/11/5
f 2162/11/5 2135/11/5 2134/11/5
f 2162/10/5 2134/10/5 2161/10/5
f 2163/10/5 2136/10/5 2135/10/5
f 2163/11/5 2135/11/5 2162/11/5
f 2164/11/5 2137/11/5 2136/11/5
f 2164/10/5 2136/10/5 2163/10/5
f 2165/10/5 2138/10/5 2137/10/5
f 2165/11/5 2137/11/5 2164/11/5
f 2166/11/5 2139/11/5 2138/11/5
f 2166/10/5 2138/10/5 2165/10/5
f 2167/10/5 2140/10/5 2139/10/5
f 2167/11/5 2139/11/5 2166/11/5
f 2168/11/5 2141/11/5 2140/11/5
f 2168/10/5 2140/10/5 2167/10/5
f 2169/10/5 2142/10/5 2141/10/5
f 2169/11/5 2141/11/5 2168/11/5
f 2170/11/5 2143/11/5 2142/11/5
f 2170/10/5 2142/10/5 2169/10/5
f 2171/10/5 2115/10/5 2143/10/5
f 2171/11/5 2143/11/5 2170/11/5
f 2172/10/5 2170/10/5 2169/10/5
f 2172/10/5 2169/10/5 2168/10/5
f 2172/10/5 2171/10/5 2170/10/5
f 2172/10/5 2168/10/5 2167/10/5
f 2172/10/5 2167/10/5 2166/10/5
f 2172/10/5 2166/10/5 2165/10/5
f 2172/10/5 2165/10/5 2164/10/5
f 2172/10/5 2164/10/5 2163/10/5
f 2172/10/5 2163/10/5 2162/10/5
f 2172/10/5 2162/10/5 2161/10/5
f 2172/10/5 2161/10/5 2160/10/5
f 2172/10/5 2160/10/5 2159/10/5
f 2172/10/5 2159/10/5 2158/10/5
f 2172/10/5 2158/10/5 2157/10/5
f 2172/10/5 2157/10/5 2156/10/5
f 2172/10/5 2156/10/5 2155/10/5
f 2172/10/5 2155/10/5 2154/10/5
f 2172/10/5 2154/10/5 2153/10/5
f 2172/10/5 2153/10/5 2152/10/5
f 2172/10/5 2152/10/5 2151/10/5
f 2172/10/5 2151/10/5 2150/10/5
f 2172/10/5 2150/10/5 2149/10/5
f 2172/10/5 2149/10/5 2148/10/5
f 2172/10/5 2148/10/5 2147/10/5
f 2172/10/5 2147/10/5 2146/10/5
f 2172/10/5 2146/10/5 2145/10/5
f 2172/10/5 2145/10/5 2144/10/5
f 2172/10/5 2144/10/5 2114/10/5
f 2173/10/5 2171/10/5 2172/10/5
f 2174/10/5 2171/10/5 2173/10/5
f 2175/10/5 2171/10/5 2174/10/5
f 2176/10/5 2171/10/5 2175/10/5
f 2177/10/5 2171/10/5 2176/10/5
f 2178/10/5 2171/10/5 2177/10/5
f 2179/10/5 2171/10/5 2178/10/5
f 2180/10/5 2171/10/5 2179/10/5
f 2181/10/5 2171/10/5 2180/10/5
f 2182/10/5 2171/10/5 2181/10/5
f 2183/10/5 2171/10/5 2182/10/5
f 2184/10/5 2171/10/5 2183/10/5
f 2185/10/5 2171/10/5 2184/10/5
f 2186/10/5 2171/10/5 2185/10/5
f 2187/10/5 2171/10/5 2186/10/5
f 2188/10/5 2171/10/5 2187/10/5
f 2189/10/5 2171/10/5 2188/10/5
f 2190/10/5 2171/10/5 2189/10/5
f 2191/10/5 2171/10/5 2190/10/5
f 2192/10/5 2171/10/5 2191/10/5
f 2193/10/5 2171/10/5 2192/10/5
f 2194/10/5 2171/10/5 2193/10/5
f 2195/10/5 2171/10/5 2194/10/5
f 2196/10/5 2171/10/5 2195/10/5
f 2197/10/5 2171/10/5 2196/10/5
f 2198/10/5 2171/10/5 2197/10/5
f 2199/10/5 2115/10/5 2171/10/5
f 2199/10/5 2171/10/5 2198/10/5
f 2200/10/5 2172/10/5 2114/10/5
f 2200/11/5 2173/11/5 2172/11/5
f 2201/10/5 2174/10/5 2173/10/5
f 2201/11/5 2173/11/5 2200/11/5
f 2202/11/5 2175/11/5 2174/11/5
f 2202/10/5 2174/10/5 2201/10/5
f 2203/10/5 2176/10/5 2175/10/5
f 2203/11/5 2175/11/5 2202/11/5
f 2204/11/5 2177/11/5 2176/11/5
f 2204/10/5 2176/10/5 2203/10/5
f 2205/10/5 2178/10/5 2177/10/5
f 2205/11/5 2177/11/5 2204/11/5
f 2206/11/5 2179/11/5 2178/11/5
f 2206/10/5 2178/10/5 2205/10/5
f 2207/10/5 2180/10/5 2179/10/5
f 2207/11/5 2179/11/5 2206/11/5
f 2208/11/5 2181/11/5 2180/11/5
f 2208/10/5 2180/10/5 2207/10/5
f 2209/10/5 2182/10/5 2181/10/5
f 2209/11/5 2181/11/5 2208/11/5
f 2210/11/5 2183/11/5 2182/11/5
f 2210/10/5 2182/10/5 2209/10/5
f 2211/10/5 2184/10/5 2183/10/5
f 2211/11/5 2183/11/5 2210/11/5
f 2212/11/5 2185/11/5 2184/11/5
f 2212/10/5 2184/10/5 2211/10/5
f 2213/10/5 2186/10/5 2185/10/5
f 2213/11/5 2185/11/5 2212/11/5
f 2214/11/5 2187/11/5 2186/11/5
f 2214/10/5 2186/10/5 2213/10/5
f 2215/10/5 2188/10/5 2187/10/5
f 2215/11/5 2187/11/5 2214/11/5
f 2216/11/5 2189/11/5 2188/11/5
f 2216/10/5 2188/10/5 2215/10/5
f 2217/10/5 2190/10/5 2189/10/5
f 2217/11/5 2189/11/5 2216/11/5
f 2218/11/5 2191/11/5 2190/11/5
f 2218/10/5 2190/10/5 2217/10/5
f 2219/10/5 2192/10/5 2191/10/5
f 2219/11/5 2191/11/5 2218/11/5
f 2220/11/5 2193/11/5 2192/11/5
f 2220/10/5 2192/10/5 2219/10/5
f 2221/10/5 2194/10/5 2193/10/5
f 2221/11/5 2193/11/5 2220/11/5
f 2222/11/5 2195/11/5 2194/11/5
f 2222/10/5 2194/10/5 2221/10/5
f 2223/10/5 2196/10/5 2195/10/5
f 2223/11/5 2195/11/5 2222/11/5
f 2224/11/5 2197/11/5 2196/11/5
f 2224/10/5 2196/10/5 2223/10/5
f 2225/10/5 2198/10/5 2197/10/5
f 2225/11/5 2197/11/5 2224/11/5
f 2226/11/5 2199/11/5 2198/11/5
f 2226/10/5 2198/10/5 2225/10/5
f 2227/10/5 2115/10/5 2199/10/5
f 2227/11/5 2199/11/5 2226/11/5
f 2228/10/5 2224/10/5 2223/10/5
f 2228/10/5 2226/10/5 2225/10/5
f 2228/10/5 2227/10/5 2226/10/5
f 2228/10/5 2223/10/5 2222/10/5
f 2228/10/5 2222/10/5 2221/10/5
f 2228/10/5 2221/10/5 2220/10/5
f 2228/10/5 2220/10/5 2219/10/5
f 2228/10/5 2219/10/5 2218/10/5
f 2228/10/5 2218/10/5 2217/10/5
f 2228/10/5 2217/10/5 2216/10/5
f 2228/10/5 2216/10/5 2215/10/5
f 2228/10/5 2215/10/5 2214/10/5
f 2228/10/5 2214/10/5 2213/10/5
f 2228/10/5 2213/10/5 2212/10/5
f 2228/10/5 2212/10/5 2211/10/5
f 2228/10/5 2211/10/5 2210/10/5
f 2228/10/5 2210/10/5 2209/10/5
f 2228/10/5 2209/10/5 2208/10/5
f 2228/10/5 2208/10/5 2207/10/5
f 2228/10/5 2207/10/5 2206/10/5
f 2228/10/5 2206/10/5 2205/10/5
f 2228/10/5 2205/10/5 2204/10/5
f 2228/10/5 2204/10/5 2203/10/5
f 2228/10/5 2203/10/5 2202/10/5
f 2228/10/5 2202/10/5 2201/10/5
f 2228/10/5 2201/10/5 2200/10/5
f 2228/10/5 2200/10/5 2114/10/5
f 2228/10/5 2225/10/5 2224/10/5
f 2229/10/5 2227/10/5 2228/10/5
f 2230/10/5 2227/10/5 2229/10/5
f 2231/10/5 2227/10/5 2230/10/5
f 2232/10/5 2227/10/5 2231/10/5
f 2233/10/5 2227/10/5 2232/10/5
f 2234/10/5 2227/10/5 2233/10/5
f 2235/10/5 2227/10/5 2234/10/5
f 2236/10/5 2227/10/5 2235/10/5
f 2237/10/5 2227/10/5 2236/10/5
f 2238/10/5 2227/10/5 2237/10/5
f 2239/10/5 2227/10/5 2238/10/5
f 2240/10/5 2227/10/5 2239/10/5
f 2241/10/5 2227/10/5 2240/10/5
f 2242/10/5 2227/10/5 2241/10/5
f 2243/10/5 2227/10/5 2242/10/5
f 2244/10/5 2227/10/5 2243/10/5
f 2245/10/5 2227/10/5 2244/10/5
f 2246/10/5 2227/10/5 2245/10/5
f 2247/10/5 2227/10/5 2246/10/5
f 2248/10/5 2227/10/5 2247/10/5
f 2249/10/5 2227/10/5 2248/10/5
f 2250/10/5 2227/10/5 2249/10/5
f 2251/10/5 2227/10/5 2250/10/5
f 2252/10/5 2227/10/5 2251/10/5
f 2253/10/5 2227/10/5 2252/10/5
f 2254/10/5 2227/10/5 2253/10/5
f 2255/10/5 2115/10/5 2227/10/5
f 2255/10/5 2227/10/5 2254/10/5
f 2256/10/5 2228/10/5 2114/10/5
f 2256/11/5 2229/11/5 2228/11/5
f 2257/10/5 2230/10/5 2229/10/5
f 2257/11/5 2229/11/5 2256/11/5
f 2258/11/5 2231/11/5 2230/11/5
f 2258/10/5 2230/10/5 2257/10/5
f 2259/10/5 2232/10/5 2231/10/5
f 2259/11/5 2231/11/5 2258/11/5
f 2260/11/5 2233/11/5 2232/11/5
f 2260/10/5 2232/10/5 2259/10/5
f 2261/10/5 2234/10/5 2233/10/5
f 2261/11/5 2233/11/5 2260/11/5
f 2262/11/5 2235/11/5 2234/11/5
f 2262/10/5 2234/10/5 2261/10/5
f 2263/10/5 2236/10/5 2235/10/5
f 2263/11/5 2235/11/5 2262/11/5
f 2264/11/5 2237/11/5 2236/11/5
f 2264/10/5 2236/10/5 2263/10/5
f 2265/10/5 2238/10/5 2237/10/5
f 2265/11/5 2237/11/5 2264/11/5
f 2266/11/5 2239/11/5 2238/11/5
f 2266/10/5 2238/10/5 2265/10/5
f 2267/10/5 2240/10/5 2239/10/5
f 2267/11/5 2239/11/5 2266/11/5
f 2268/11/5 2241/11/5 2240/11/5
f 2268/10/5 2240/10/5 2267/10/5
f 2269/10/5 2242/10/5 2241/10/5
f 2269/11/5 2241/11/5 2268/11/5
f 2270/11/5 2243/11/5 2242/11/5
f 2270/10/5 2242/10/5 2269/10/5
f 2271/10/5 2244/10/5 2243/10/5
f 2271/11/5 2243/11/5 2270/11/5
f 2272/11/5 2245/11/5 2244/11/5
f 2272/10/5 2244/10/5 2271/10/5
f 2273/10/5 2246/10/5 2245/10/5
f 2273/11/5 2245/11/5 2272/11/5
f 2274/11/5 2247/11/5 2246/11/5
f 2274/10/5 2246/10/5 2273/10/5
f 2275/10/5 2248/10/5 2247/10/5
f 2275/11/5 2247/11/5 2274/11/5
f 2276/11/5 2249/11/5 2248/11/5
f 2276/10/5 2248/10/5 2275/10/5
f 2277/10/5 2250/10/5 2249/10/5
f 2277/11/5 2249/11/5 2276/11/5
f 2278/11/5 2251/11/5 2250/11/5
f 2278/10/5 2250/10/5 2277/10/5
f 2279/10/5 2252/10/5 2251/10/5
f 2279/11/5 2251/11/5 2278/11/5
f 2280/11/5 2253/11/5 2252/11/5
f 2280/10/5 2252/10/5 2279/10/5
f 2281/10/5 2254/10/5 2253/10/5
f 2281/11/5 2253/11/5 2280/11/5
f 2282/11/5 2255/11/5 2254/11/5
f 2282/10/5 2254/10/5 2281/10/5
f 2283/10/5 2115/10/5 2255/10/5
f 2283/11/5 2255/11/5 2282/11/5
f 2284/10/5 2280/10/5 2279/10/5
f 2284/10/5 2282/10/5 2281/10/5
f 2284/10/5 2283/10/5 2282/10/5
f 2284/10/5 2279/10/5 2278/10/5
f 2284/10/5 2278/10/5 2277/10/5
f 2284/10/5 2277/10/5 2276/10/5
f 2284/10/5 2276/10/5 2275/10/5
f 2284/10/5 2275/10/5 2274/10/5
f 2284/10/5 2274/10/5 2273/10/5
f 2284/10/5 2273/10/5 2272/10/5
f 2284/10/5 2272/10/5 2271/10/5
f 2284/10/5 2271/10/5 2270/10/5
f 2284/10/5 2270/10/5 2269/10/5
f 2284/10/5 2269/10/5 2268/10/5
f 2284/10/5 2268/10/5 2267/10/5
f 2284/10/5 2267/10/5 2266/10/5
f 2284/10/5 2266/10/5 2265/10/5
f 2284/10/5 2265/10/5 2264/10/5
f 2284/10/5 2264/10/5 2263/10/5
f 2284/10/5 2263/10/5 2262/10/5
f 2284/10/5 2262/10/5 2261/10/5
f 2284/10/5 2261/10/5 2260/10/5
f 2284/10/5 2260/10/5 2259/10/5
f 2284/10/5 2259/10/5 2258/10/5
f 2284/10/5 2258/10/5 2257/10/5
f 2284/10/5 2257/10/5 2256/10/5
f 2284/10/5 2256/10/5 2114/10/5
f 2284/10/5 2281/10/5 2280/10/5
f 2285/10/5 2283/10/5 2284/10/5
f 2286/10/5 2283/10/5 2285/10/5
f 2287/10/5 2283/10/5 2286/10/5
f 2288/10/5 2283/10/5 2287/10/5
f 2289/10/5 2283/10/5 2288/10/5
f 2290/10/5 2283/10/5 2289/10/5
f 2291/10/5 2283/10/5 2290/10/5
f 2292/10/5 2283/10/5 2291/10/5
f 2293/10/5 2283/10/5 2292/10/5
f 2294/10/5 2283/10/5 2293/10/5
f 2295/10/5 2283/10/5 2294/10/5
f 2296/10/5 2283/10/5 2295/10/5
f 2297/10/5 2283/10/5 2296/10/5
f 2298/10/5 2283/10/5 2297/10/5
f 2299/10/5 2283/10/5 2298/10/5
f 2300/10/5 2283/10/5 2299/10/5
f 2301/10/5 2283/10/5 2300/10/5
f 2302/10/5 2283/10/5 2301/10/5
f 2303/10/5 2283/10/5 2302/10/5
f 2304/10/5 2283/10/5 2303/10/5
f 2305/10/5 2283/10/5 2304/10/5
f 2306/10/5 2283/10/5 2305/10/5
f 2307/10/5 2283/10/5 2306/10/5
f 2308/10/5 2283/10/5 2307/10/5
f 2309/10/5 2283/10/5 2308/10/5
f 2310/10/5 2283/10/5 2309/10/5
f 2311/10/5 2115/10/5 2283/10/5
f 2311/10/5 2283/10/5 2310/10/5
f 2312/10/5 2284/10/5 2114/10/5
f 2312/11/5 2285/11/5 2284/11/5
f 2313/10/5 2286/10/5 2285/10/5
f 2313/11/5 2285/11/5 2312/11/5
f 2314/11/5 2287/11/5 2286/11/5
f 2314/10/5 2286/10/5 2313/10/5
f 2315/10/5 2288/10/5 2287/10/5
f 2315/11/5 2287/11/5 2314/11/5
f 2316/11/5 2289/11/5 2288/11/5
f 2316/10/5 2288/10/5 2315/10/5
f 2317/10/5 2290/10/5 2289/10/5
f 2317/11/5 2289/11/5 2316/11/5
f 2318/11/5 2291/11/5 2290/11/5
f 2318/10/5 2290/10/5 2317/10/5
f 2319/10/5 2292/10/5 2291/10/5
f 2319/11/5 2291/11/5 2318/11/5
f 2320/11/5 2293/11/5 2292/11/5
f 2320/10/5 2292/10/5 2319/10/5
f 2321/10/5 2294/10/5 2293/10/5
f 2321/11/5 2293/11/5 2320/11/5
f 2322/11/5 2295/11/5 2294/11/5
f 2322/10/5 2294/10/5 2321/10/5
f 2323/10/5 2296/10/5 2295/10/5
f 2323/11/5 2295/11/5 2322/11/5
f 2324/11/5 2297/11/5 2296/11/5
f 2324/10/5 2296/10/5 2323/10/5
f 2325/10/5 2298/10/5 2297/10/5
f 2325/11/5 2297/11/5 2324/11/5
f 2326/11/5 2299/11/5 2298/11/5
f 2326/10/5 2298/10/5 2325/10/5
f 2327/10/5 2300/10/5 2299/10/5
f 2327/11/5 2299/11/5 2326/11/5
f 2328/11/5 2301/11/5 2300/11/5
f 2328/10/5 2300/10/5 2327/10/5
f 2329/10/5 2302/10/5 2301/10/5
f 2329/11/5 2301/11/5 2328/11/5
f 2330/11/5 2303/11/5 2302/11/5
f 2330/10/5 2302/10/5 2329/10/5
f 2331/10/5 2304/10/5 2303/10/5
f 2331/11/5 2303/11/5 2330/11/5
f 2332/11/5 2305/11/5 2304/11/5
f 2332/10/5 2304/10/5 2331/10/5
f 2333/10/5 2306/10/5 2305/10/5
f 2333/11/5 2305/11/5 2332/11/5
f 2334/11/5 2307/11/5 2306/11/5
f 2334/10/5 2306/10/5 2333/10/5
f 2335/10/5 2308/10/5 2307/10/5
f 2335/11/5 2307/11/5 2334/11/5
f 2336/11/5 2309/11/5 2308/11/5
f 2336/10/5 2308/10/5 2335/10/5
f 2337/10/5 2310/10/5 2309/10/5
f 2337/11/5 2309/11/5 2336/11/5
f 2338/11/5 2311/11/5 2310/11/5
f 2338/10/5 2310/10/5 2337/10/5
f 2339/10/5 2115/10/5 2311/10/5
f 2339/11/5 2311/11/5 2338/11/5
f 2340/10/5 2336/10/5 2335/10/5
f 2340/10/5 2338/10/5 2337/10/5
f 2340/10/5 2339/10/5 2338/10/5
f 2340/10/5 2335/10/5 2334/10/5
f 2340/10/5 2334/10/5 2333/10/5
f 2340/10/5 2333/10/5 2332/10/5
f 2340/10/5 2332/10/5 2331/10/5
f 2340/10/5 2331/10/5 2330/10/5
f 2340/10/5 2330/10/5 2329/10/5
f 2340/10/5 2329/10/5 2328/10/5
f 2340/10/5 2328/10/5 2327/10/5
f 2340/10/5 2327/10/5 2326/10/5
f 2340/10/5 2326/10/5 2325/10/5
f 2340/10/5 2325/10/5 2324/10/5
f 2340/10/5 2324/10/5 2323/10/5
f 2340/10/5 2323/10/5 2322/10/5
f 2340/10/5 2322/10/5 2321/10/5
f 2340/10/5 2321/10/5 2320/10/5
f 2340/10/5 2320/10/5 2319/10/5
f 2340/10/5 2319/10/5 2318/10/5
f 2340/10/5 2318/10/5 2317/10/5
f 2340/10/5 2317/10/5 2316/10/5
f 2340/10/5 2316/10/5 2315/10/5
f 2340/10/5 2315/10/5 2314/10/5
f 2340/10/5 2314/10/5 2313/10/5
f 2340/10/5 2313/10/5 2312/10/5
f 2340/10/5 2312/10/5 2114/10/5
f 2340/10/5 2337/10/5 2336/10/5
f 2341/10/5 2339/10/5 2340/10/5
f 2342/10/5 2339/10/5 2341/10/5
f 2343/10/5 2339/10/5 2342/10/5
f 2344/10/5 2339/10/5 2343/10/5
f 2345/10/5 2339/10/5 2344/10/5
f 2346/10/5 2339/10/5 2345/10/5
f 2347/10/5 2339/10/5 2346/10/5
f 2348/10/5 2339/10/5 2347/10/5
f 2349/10/5 2339/10/5 2348/10/5
f 2350/10/5 2339/10/5 2349/10/5
f 2351/10/5 2339/10/5 2350/10/5
f 2352/10/5 2339/10/5 2351/10/5
f 2353/10/5 2339/10/5 2352/10/5
f 2354/10/5 2339/10/5 2353/10/5
f 2355/10/5 2339/10/5 2354/10/5
f 2356/10/5 2339/10/5 2355/10/5
f 2357/10/5 2339/10/5 2356/10/5
f 2358/10/5 2339/10/5 2357/10/5
f 2359/10/5 2339/10/5 2358/10/5
f 2360/10/5 2339/10/5 2359/10/5
f 2361/10/5 2339/10/5 2360/10/5
f 2362/10/5 2339/10/5 2361/10/5
f 2363/10/5 2339/10/5 2362/10/5
f 2364/10/5 2339/10/5 2363/10/5
f 2365/10/5 2339/10/5 2364/10/5
f 2366/10/5 2339/10/5 2365/10/5
f 2367/10/5 2115/10/5 2339/10/5
f 2367/10/5 2339/10/5 2366/10/5
f 2368/10/5 2340/10/5 2114/10/5
f 2368/11/5 2341/11/5 2340/11/5
f 2369/10/5 2342/10/5 2341/10/5
f 2369/11/5 2341/11/5 2368/11/5
f 2370/11/5 2343/11/5 2342/11/5
f 2370/10/5 2342/10/5 2369/10/5
f 2371/10/5 2344/10/5 2343/10/5
f 2371/11/5 2343/11/5 2370/11/5
f 2372/11/5 2345/11/5 2344/11/5
f 2372/10/5 2344/10/5 2371/10/5
f 2373/10/5 2346/10/5 2345/10/5
f 2373/11/5 2345/11/5 2372/11/5
f 2374/11/5 2347/11/5 2346/11/5
f 2374/10/5 2346/10/5 2373/10/5
f 2375/10/5 2348/10/5 2347/10/5
f 2375/11/5 2347/11/5 2374/11/5
f 2376/11/5 2349/11/5 2348/11/5
f 2376/10/5 2348/10/5 2375/10/5
f 2377/10/5 2350/10/5 2349/10/5
f 2377/11/5 2349/11/5 2376/11/5
f 2378/11/5 2351/11/5 2350/11/5
f 2378/10/5 2350/10/5 2377/10/5
f 2379/10/5 2352/10/5 2351/10/5
f 2379/11/5 2351/11/5 2378/11/5
f 2380/11/5 2353/11/5 2352/11/5
f 2380/10/5 2352/10/5 2379/10/5
f 2381/10/5 2354/10/5 2353/10/5
f 2381/11/5 2353/11/5 2380/11/5
f 2382/11/5 2355/11/5 2354/11/5
f 2382/10/5 2354/10/5 2381/10/5
f 2383/10/5 2356/10/5 2355/10/5
f 2383/11/5 2355/11/5 2382/11/5
f 2384/11/5 2357/11/5 2356/11/5
f 2384/10/5 2356/10/5 2383/10/5
f 2385/10/5 2358/10/5 2357/10/5
f 2385/11/5 2357/11/5 2384/11/5
f 2386/11/5 2359/11/5 2358/11/5
f 2386/10/5 2358/10/5 2385/10/5
f 2387/10/5 2360/10/5 2359/10/5
f 2387/11/5 2359/11/5 2386/11/5
f 2388/11/5 2361/11/5 2360/11/5
f 2388/10/5 2360/10/5 2387/10/5
f 2389/10/5 2362/10/5 2361/10/5
f 2389/11/5 2361/11/5 2388/11/5
f 2390/11/5 2363/11/5 2362/11/5
f 2390/10/5 2362/10/5 2389/10/5
f 2391/10/5 2364/10/5 2363/10/5
f 2391/11/5 2363/11/5 2390/11/5
f 2392/11/5 2365/11/5 2364/11/5
f 2392/10/5 2364/10/5 2391/10/5
f 2393/10/5 2366/10/5 2365/10/5
f 2393/11/5 2365/11/5 2392/11/5
f 2394/11/5 2367/11/5 2366/11/5
f 2394/10/5 2366/10/5 2393/10/5
f 2395/10/5 2115/10/5 2367/10/5
f 2395/11/5 2367/11/5 2394/11/5
f 2396/10/5 2392/10/5 2391/10/5
f 2396/10/5 2394/10/5 2393/10/5
f 2396/10/5 2395/10/5 2394/10/5
f 2396/10/5 2391/10/5 2390/10/5
f 2396/10/5 2390/10/5 2389/10/5
f 2396/10/5 2389/10/5 2388/10/5
f 2396/10/5 2388/10/5 2387/10/5
f 2396/10/5 2387/10/5 2386/10/5
f 2396/10/5 2386/10/5 2385/10/5
f 2396/10/5 2385/10/5 2384/10/5
f 2396/10/5 2384/10/5 2383/10/5
f 2396/10/5 2383/10/5 2382/10/5
f 2396/10/5 2382/10/5 2381/10/5
f 2396/10/5 2381/10/5 2380/10/5
f 2396/10/5 2380/10/5 2379/10/5
f 2396/10/5 2379/10/5 2378/10/5
f 2396/10/5 2378/10/5 2377/10/5
f 2396/10/5 2377/10/5 2376/10/5
f 2396/10/5 2376/10/5 2375/10/5
f 2396/10/5 2375/10/5 2374/10/5
f 2396/10/5 2374/10/5 2373/10/5
f 2396/10/5 2373/10/5 2372/10/5
f 2396/10/5 2372/10/5 2371/10/5
f 2396/10/5 2371/10/5 2370/10/5
f 2396/10/5 2370/10/5 2369/10/5
f 2396/10/5 2369/10/5 2368/10/5
f 2396/10/5 2368/10/5 2114/10/5
f 2396/10/5 2393/10/5 2392/10/5
f 2397/10/5 2395/10/5 2396/10/5
f 2398/10/5 2395/10/5 2397/10/5
f 2399/10/5 2395/10/5 2398/10/5
f 2400/10/5 2395/10/5 2399/10/5
f 2401/10/5 2395/10/5 2400/10/5
f 2402/10/5 2395/10/5 2401/10/5
f 2403/10/5 2395/10/5 2402/10/5
f 2404/10/5 2395/10/5 2403/10/5
f 2405/10/5 2395/10/5 2404/10/5
f 2406/10/5 2395/10/5 2405/10/5
f 2407/10/5 2395/10/5 2406/10/5
f 2408/10/5 2395/10/5 2407/10/5
f 2409/10/5 2395/10/5 2408/10/5
f 2410/10/5 2395/10/5 2409/10/5
f 2411/10/5 2395/10/5 2410/10/5
f 2412/10/5 2395/10/5 2411/10/5
f 2413/10/5 2395/10/5 2412/10/5
f 2414/10/5 2395/10/5 2413/10/5
f 2415/10/5 2395/10/5 2414/10/5
f 2416/10/5 2395/10/5 2415/10/5
f 2417/10/5 2395/10/5 2416/10/5
f 2418/10/5 2395/10/5 2417/10/5
f 2419/10/5 2115/10/5 2395/10/5
f 2419/10/5 2395/10/5 2418/10/5
f 2420/10/5 2396/10/5 2114/10/5
f 2420/11/5 2397/11/5 2396/11/5
f 2421/10/5 2398/10/5 2397/10/5
f 2421/11/5 2397/11/5 2420/11/5
f 2422/11/5 2399/11/5 2398/11/5
f 2422/10/5 2398/10/5 2421/10/5
f 2423/10/5 2400/10/5 2399/10/5
f 2423/11/5 2399/11/5 2422/11/5
f 2424/11/5 2401/11/5 2400/11/5
f 2424/10/5 2400/10/5 2423/10/5
f 2425/10/5 2402/10/5 2401/10/5
f 2425/11/5 2401/11/5 2424/11/5
f 2426/11/5 2403/11/5 2402/11/5
f 2426/10/5 2402/10/5 2425/10/5
f 2427/10/5 2404/10/5 2403/10/5
f 2427/11/5 2403/11/5 2426/11/5
f 2428/11/5 2405/11/5 2404/11/5
f 2428/10/5 2404/10/5 2427/10/5
f 2429/10/5 2406/10/5 2405/10/5
f 2429/11/5 2405/11/5 2428/11/5
f 2430/11/5 2407/11/5 2406/11/5
f 2430/10/5 2406/10/5 2429/10/5
f 2431/10/5 2408/10/5 2407/10/5
f 2431/11/5 2407/11/5 2430/11/5
f 2432/11/5 2409/11/5 2408/11/5
f 2432/10/5 2408/10/5 2431/10/5
f 2433/10/5 2410/10/5 2409/10/5
f 2433/11/5 2409/11/5 2432/11/5
f 2434/11/5 2411/11/5 2410/11/5
f 2434/10/5 2410/10/5 2433/10/5
f 2435/10/5 2412/10/5 2411/10/5
f 2435/11/5 2411/11/5 2434/11/5
f 2436/11/5 2413/11/5 2412/11/5
f 2436/10/5 2412/10/5 2435/10/5
f 2437/10/5 2414/10/5 2413/10/5
f 2437/11/5 2413/11/5 2436/11/5
f 2438/11/5 2415/11/5 2414/11/5
f 2438/10/5 2414/10/5 2437/10/5
f 2439/10/5 2416/10/5 2415/10/5
f 2439/11/5 2415/11/5 2438/11/5
f 2440/11/5 2417/11/5 2416/11/5
f 2440/10/5 2416/10/5 2439/10/5
f 2441/10/5 2418/10/5 2417/10/5
f 2441/11/5 2417/11/5 2440/11/5
f 2442/11/5 2419/11/5 2418/11/5
f 2442/10/5 2418/10/5 2441/10/5
f 2443/10/5 2115/10/5 2419/10/5
f 2443/11/5 2419/11/5 2442/11/5
f 2444/10/5 2440/10/5 2439/10/5
f 2444/10/5 2442/10/5 2441/10/5
f 2444/10/5 2443/10/5 2442/10/5
f 2444/10/5 2439/10/5 2438/10/5
f 2444/10/5 2438/10/5 2437/10/5
f 2444/10/5 2437/10/5 2436/10/5
f 2444/10/5 2436/10/5 2435/10/5
f 2444/10/5 2435/10/5 2434/10/5
f 2444/10/5 2434/10/5 2433/10/5
f 2444/10/5 2433/10/5 2432/10/5
f 2444/10/5 2432/10/5 2431/10/5
f 2444/10/5 2431/10/5 2430/10/5
f 2444/10/5 2430/10/5 2429/10/5
f 2444/10/5 2429/10/5 2428/10/5
f 2444/10/5 2428/10/5 2427/10/5
f 2444/10/5 2427/10/5 2426/10/5
f 2444/10/5 2426/10/5 2425/10/5
f 2444/10/5 2425/10/5 2424/10/5
f 2444/10/5 2424/10/5 2423/10/5
f 2444/10/5 2423/10/5 2422/10/5
f 2444/10/5 2422/10/5 2421/10/5
f 2444/10/5 2421/10/5 2420/10/5
f 2444/10/5 2420/10/5 2114/10/5
f 2444/10/5 2441/10/5 2440/10/5
f 2445/10/5 2443/10/5 2444/10/5
f 2446/10/5 2443/10/5 2445/10/5
f 2447/10/5 2115/10/5 2443/10/5
f 2447/10/5 2443/10/5 2446/10/5
f 2448/2/5 2446/2/5 2445/2/5
f 2449/2/5 2446/2/5 2448/2/5
f 2450/2/5 2446/2/5 2449/2/5
f 2451/2/5 2446/2/5 2450/2/5
f 2452/2/5 2450/2/5 2449/2/5
f 2453/2/5 2450/2/5 2452/2/5
f 2462/8/5 2455/8/5 2454/8/5
f 2463/8/5 2455/8/5 2462/8/5
f 2464/8/5 2457/8/5 2456/8/5
f 2465/8/5 2457/8/5 2464/8/5
f 2466/8/5 2459/8/5 2458/8/5
f 2467/8/5 2459/8/5 2466/8/5
f 2468/8/5 2461/8/5 2460/8/5
f 2469/8/5 2461/8/5 2468/8/5
f 2479/9/5 2471/9/5 2470/9/5
f 2480/9/5 2471/9/5 2479/9/5
f 2481/9/5 2473/9/5 2472/9/5
f 2482/9/5 2473/9/5 2481/9/5
f 2485/9/5 2475/9/5 2474/9/5
f 2486/9/5 2475/9/5 2485/9/5
f 2487/9/5 2477/9/5 2476/9/5
f 2488/9/5 2477/9/5 2487/9/5
f 2490/9/5 2480/9/5 2479/9/5
f 2490/9/5 2483/9/5 2482/9/5
f 2490/9/5 2479/9/5 2478/9/5
f 2490/9/5 2481/9/5 2480/9/5
f 2490/9/5 2482/9/5 2481/9/5
f 2491/9/5 2483/9/5 2490/9/5
f 2494/9/5 2486/9/5 2485/9/5
f 2494/9/5 2489/9/5 2488/9/5
f 2494/9/5 2488/9/5 2487/9/5
f 2494/9/5 2487/9/5 2486/9/5
f 2494/9/5 2485/9/5 2484/9/5
f 2495/9/5 2489/9/5 2494/9/5
f 2500/9/5 2492/9/5 2491/9/5
f 2501/9/5 2492/9/5 2500/9/5
f 2502/9/5 2494/9/5 2493/9/5
f 2503/9/5 2494/9/5 2502/9/5
f 2508/13/5 2497/13/5 2496/13/5
f 2509/13/5 2497/13/5 2508/13/5
f 2510/3/5 2499/3/5 2498/3/5
f 2511/3/5 2499/3/5 2510/3/5
f 2512/12/5 2505/12/5 2504/12/5
f 2513/12/5 2505/12/5 2512/12/5
f 2514/6/5 2507/6/5 2506/6/5
f 2515/6/5 2507/6/5 2514/6/5
f 2529/9/5 2517/9/5 2516/9/5
f 2530/9/5 2517/9/5 2529/9/5
f 2531/9/5 2519/9/5 2518/9/5
f 2532/9/5 2519/9/5 2531/9/5
f 2533/9/5 2521/9/5 2520/9/5
f 2534/9/5 2521/9/5 2533/9/5
f 2535/9/5 2523/9/5 2522/9/5
f 2536/9/5 2523/9/5 2535/9/5
f 2537/9/5 2525/9/5 2524/9/5
f 2538/9/5 2525/9/5 2537/9/5
f 2539/9/5 2527/9/5 2526/9/5
f 2540/9/5 2527/9/5 2539/9/5
f 2542/9/5 2529/9/5 2528/9/5
f 2543/9/5 2529/9/5 2542/9/5
f 2546/9/5 2541/9/5 2540/9/5
f 2547/9/5 2541/9/5 2546/9/5
f 2548/9/5 2544/9/5 2543/9/5
f 2549/9/5 2544/9/5 2548/9/5
f 2550/9/5 2544/9/5 2549/9/5
f 2551/9/5 2544/9/5 2550/9/5
f 2552/9/5 2544/9/5 2551/9/5
f 2553/9/5 2544/9/5 2552/9/5
f 2554/9/5 2544/9/5 2553/9/5
f 2555/9/5 2544/9/5 2554/9/5
f 2556/9/5 2544/9/5 2555/9/5
f 2557/9/5 2544/9/5 2556/9/5
f 2558/9/5 2546/9/5 2545/9/5
f 2559/9/5 2546/9/5 2558/9/5
f 2560/9/5 2546/9/5 2559/9/5
f 2561/9/5 2546/9/5 2560/9/5
f 2562/9/5 2546/9/5 2561/9/5
f 2563/9/5 2546/9/5 2562/9/5
f 2564/9/5 2546/9/5 2563/9/5
f 2565/9/5 2546/9/5 2564/9/5
f 2566/9/5 2546/9/5 2565/9/5
f 2567/9/5 2546/9/5 2566/9/5
f 2568/13/5 2550/13/5 2549/13/5
f 2569/13/5 2550/13/5 2568/13/5
f 2570/13/5 2552/13/5 2551/13/5
f 2571/13/5 2552/13/5 2570/13/5
f 2572/3/5 2554/3/5 2553/3/5
f 2573/3/5 2554/3/5 2572/3/5
f 2574/3/5 2556/3/5 2555/3/5
f 2575/3/5 2556/3/5 2574/3/5
f 2576/12/5 2560/12/5 2559/12/5
f 2577/12/5 2560/12/5 2576/12/5
f 2578/12/5 2562/12/5 2561/12/5
f 2579/12/5 2562/12/5 2578/12/5
f 2580/12/5 2564/12/5 2563/12/5
f 2581/12/5 2564/12/5 2580/12/5
f 2582/12/5 2566/12/5 2565/12/5
f 2583/12/5 2566/12/5 2582/12/5
f 2593/9/5 2585/9/5 2584/9/5
f 2595/9/5 2587/9/5 2586/9/5
f 2596/9/5 2589/9/5 2588/9/5
f 2598/9/5 2591/9/5 2590/9/5
f 2602/9/5 2593/9/5 2592/9/5
f 2603/9/5 2585/9/5 2593/9/5
f 2603/9/5 2593/9/5 2602/9/5
f 2604/9/5 2595/9/5 2594/9/5
f 2605/9/5 2587/9/5 2595/9/5
f 2605/9/5 2595/9/5 2604/9/5
f 2606/9/5 2597/9/5 2596/9/5
f 2606/9/5 2596/9/5 2588/9/5
f 2607/9/5 2597/9/5 2606/9/5
f 2608/9/5 2599/9/5 2598/9/5
f 2608/9/5 2598/9/5 2590/9/5
f 2609/9/5 2599/9/5 2608/9/5
f 2612/9/5 2601/9/5 2600/9/5
f 2613/9/5 2601/9/5 2612/9/5
f 2614/9/5 2611/9/5 2610/9/5
f 2615/9/5 2611/9/5 2614/9/5
f 2620/9/5 2617/9/5 2616/9/5
f 2621/9/5 2617/9/5 2620/9/5
f 2622/9/5 2619/9/5 2618/9/5
f 2623/9/5 2619/9/5 2622/9/5
f 2624/10/6 2625/10/6 2630/10/6
f 2630/10/6 2625/10/6 2631/10/6
f 2626/10/6 2627/10/6 2642/10/6
f 2642/10/6 2627/10/6 2643/10/6
f 2643/10/6 2627/10/6 2644/10/6
f 2644/10/6 2627/10/6 2645/10/6
f 2628/10/6 2629/10/6 2656/10/6
f 2656/10/6 2629/10/6 2657/10/6
f 2632/11/6 2633/11/6 2658/11/6
f 2658/11/6 2633/11/6 2659/11/6
f 2634/11/6 2635/11/6 2660/11/6
f 2660/11/6 2635/11/6 2661/11/6
f 2636/11/6 2637/11/6 2662/11/6
f 2662/11/6 2637/11/6 2663/11/6
f 2638/11/6 2639/11/6 2664/11/6
f 2664/11/6 2639/11/6 2665/11/6
f 2640/11/6 2641/11/6 2666/11/6
f 2666/11/6 2641/11/6 2667/11/6
f 2643/10/6 2644/10/6 2668/10/6
f 2668/10/6 2644/10/6 2669/10/6
f 2646/11/6 2647/11/6 2670/11/6
f 2670/11/6 2647/11/6 2671/11/6
f 2648/11/6 2649/11/6 2672/11/6
f 2672/11/6 2649/11/6 2673/11/6
f 2650/11/6 2651/11/6 2674/11/6
f 2674/11/6 2651/11/6 2675/11/6
f 2652/11/6 2653/11/6 2676/11/6
f 2676/11/6 2653/11/6 2677/11/6
f 2654/11/6 2655/11/6 2678/11/6
f 2678/11/6 2655/11/6 2679/11/6
f 2680/11/6 2681/11/6 2708/11/6
f 2708/11/6 2681/11/6 2709/11/6
f 2682/11/6 2683/11/6 2710/11/6
f 2710/11/6 2683/11/6 2711/11/6
f 2684/11/6 2685/11/6 2712/11/6
f 2712/11/6 2685/11/6 2713/11/6
f 2686/11/6 2687/11/6 2714/11/6
f 2714/11/6 2687/11/6 2715/11/6
f 2688/11/6 2689/11/6 2716/11/6
f 2716/11/6 2689/11/6 2717/11/6
f 2690/11/6 2691/11/6 2718/11/6
f 2718/11/6 2691/11/6 2719/11/6
f 2692/11/6 2693/11/6 2720/11/6
f 2720/11/6 2693/11/6 2721/11/6
f 2694/11/6 2695/11/6 2722/11/6
f 2722/11/6 2695/11/6 2723/11/6
f 2696/11/6 2697/11/6 2724/11/6
f 2724/11/6 2697/11/6 2725/11/6
f 2698/11/6 2699/11/6 2726/11/6
f 2726/11/6 2699/11/6 2727/11/6
f 2700/11/6 2701/11/6 2728/11/6
f 2728/11/6 2701/11/6 2729/11/6
f 2702/11/6 2703/11/6 2730/11/6
f 2730/11/6 2703/11/6 2731/11/6
f 2704/11/6 2705/11/6 2732/11/6
f 2732/11/6 2705/11/6 2733/11/6
f 2706/11/6 2707/11/6 2734/11/6
f 2734/11/6 2707/11/6 2735/11/6
f 2736/11/6 2737/11/6 2764/11/6
f 2764/11/6 2737/11/6 2765/11/6
f 2738/11/6 2739/11/6 2766/11/6
f 2766/11/6 2739/11/6 2767/11/6
f 2740/11/6 2741/11/6 2768/11/6
f 2768/11/6 2741/11/6 2769/11/6
f 2742/11/6 2743/11/6 2770/11/6
f 2770/11/6 2743/11/6 2771/11/6
f 2744/11/6 2745/11/6 2772/11/6
f 2772/11/6 2745/11/6 2773/11/6
f 2746/11/6 2747/11/6 2774/11/6
f 2774/11/6 2747/11/6 2775/11/6
f 2748/11/6 2749/11/6 2776/11/6
f 2776/11/6 2749/11/6 2777/11/6
f 2750/11/6 2751/11/6 2778/11/6
f 2778/11/6 2751/11/6 2779/11/6
f 2752/11/6 2753/11/6 2780/11/6
f 2780/11/6 2753/11/6 2781/11/6
f 2754/11/6 2755/11/6 2782/11/6
f 2782/11/6 2755/11/6 2783/11/6
f 2756/11/6 2757/11/6 2784/11/6
f 2784/11/6 2757/11/6 2785/11/6
f 2758/11/6 2759/11/6 2786/11/6
f 2786/11/6 2759/11/6 2787/11/6
f 2760/11/6 2761/11/6 2788/11/6
f 2788/11/6 2761/11/6 2789/11/6
f 2762/11/6 2763/11/6 2790/11/6
f 2790/11/6 2763/11/6 2791/11/6
f 2792/11/6 2793/11/6 2820/11/6
f 2820/11/6 2793/11/6 2821/11/6
f 2794/11/6 2795/11/6 2822/11/6
f 2822/11/6 2795/11/6 2823/11/6
f 2796/11/6 2797/11/6 2824/11/6
f 2824/11/6 2797/11/6 2825/11/6
f 2798/11/6 2799/11/6 2826/11/6
f 2826/11/6 2799/11/6 2827/11/6
f 2800/11/6 2801/11/6 2828/11/6
f 2828/11/6 2801/11/6 2829/11/6
f 2802/11/6 2803/11/6 2830/11/6
f 2830/11/6 2803/11/6 2831/11/6
f 2804/11/6 2805/11/6 2832/11/6
f 2832/11/6 2805/11/6 2833/11/6
f 2806/11/6 2807/11/6 2834/11/6
f 2834/11/6 2807/11/6 2835/11/6
f 2808/11/6 2809/11/6 2836/11/6
f 2836/11/6 2809/11/6 2837/11/6
f 2810/11/6 2811/11/6 2838/11/6
f 2838/11/6 2811/11/6 2839/11/6
f 2812/11/6 2813/11/6 2840/11/6
f 2840/11/6 2813/11/6 2841/11/6
f 2814/11/6 2815/11/6 2842/11/6
f 2842/11/6 2815/11/6 2843/11/6
f 2816/11/6 2817/11/6 2844/11/6
f 2844/11/6 2817/11/6 2845/11/6
f 2818/11/6 2819/11/6 2846/11/6
f 2846/11/6 2819/11/6 2847/11/6
f 2848/11/6 2849/11/6 2876/11/6
f 2876/11/6 2849/11/6 2877/11/6
f 2850/11/6 2851/11/6 2878/11/6
f 2878/11/6 2851/11/6 2879/11/6
f 2852/11/6 2853/11/6 2880/11/6
f 2880/11/6 2853/11/6 2881/11/6
f 2854/11/6 2855/11/6 2882/11/6
f 2882/11/6 2855/11/6 2883/11/6
f 2856/11/6 2857/11/6 2884/11/6
f 2884/11/6 2857/11/6 2885/11/6
f 2858/11/6 2859/11/6 2886/11/6
f 2886/11/6 2859/11/6 2887/11/6
f 2860/11/6 2861/11/6 2888/11/6
f 2888/11/6 2861/11/6 2889/11/6
f 2862/11/6 2863/11/6 2890/11/6
f 2890/11/6 2863/11/6 2891/11/6
f 2864/11/6 2865/11/6 2892/11/6
f 2892/11/6 2865/11/6 2893/11/6
f 2866/11/6 2867/11/6 2894/11/6
f 2894/11/6 2867/11/6 2895/11/6
f 2868/11/6 2869/11/6 2896/11/6
f 2896/11/6 2869/11/6 2897/11/6
f 2870/11/6 2871/11/6 2898/11/6
f 2898/11/6 2871/11/6 2899/11/6
f 2872/11/6 2873/11/6 2900/11/6
f 2900/11/6 2873/11/6 2901/11/6
f 2874/11/6 2875/11/6 2902/11/6
f 2902/11/6 2875/11/6 2903/11/6
f 2904/11/6 2905/11/6 2926/11/6
f 2926/11/6 2905/11/6 2927/11/6
f 2906/11/6 2907/11/6 2928/11/6
f 2928/11/6 2907/11/6 2929/11/6
f 2908/11/6 2909/11/6 2930/11/6
f 2930/11/6 2909/11/6 2931/11/6
f 2910/11/6 2911/11/6 2932/11/6
f 2932/11/6 2911/11/6 2933/11/6
f 2912/11/6 2913/11/6 2934/11/6
f 2934/11/6 2913/11/6 2935/11/6
f 2914/11/6 2915/11/6 2936/11/6
f 2936/11/6 2915/11/6 2937/11/6
f 2916/11/6 2917/11/6 2938/11/6
f 2938/11/6 2917/11/6 2939/11/6
f 2918/11/6 2919/11/6 2940/11/6
f 2940/11/6 2919/11/6 2941/11/6
f 2920/11/6 2921/11/6 2942/11/6
f 2942/11/6 2921/11/6 2943/11/6
f 2922/11/6 2923/11/6 2944/11/6
f 2944/11/6 2923/11/6 2945/11/6
f 2924/10/6 2925/10/6 2948/10/6
f 2948/10/6 2925/10/6 2949/10/6
f 2946/10/6 2947/10/6 2954/10/6
f 2954/10/6 2947/10/6 2955/10/6
f 2950/2/6 2951/2/6 2956/2/6
f 2952/2/6 2953/2/6 2959/2/6
f 2956/2/6 2957/2/6 2960/2/6
f 2950/2/6 2956/2/6 2960/2/6
f 2960/2/6 2957/2/6 2961/2/6
f 2961/2/6 2957/2/6 2962/2/6
f 2958/2/6 2959/2/6 2963/2/6
f 2959/2/6 2953/2/6 2964/2/6
f 2963/2/6 2959/2/6 2964/2/6
f 2964/2/6 2953/2/6 2965/2/6
f 2961/2/6 2962/2/6 2966/2/6
f 2962/2/6 2963/2/6 2966/2/6
f 2963/2/6 2964/2/6 2966/2/6
f 2966/2/6 2964/2/6 2967/2/6
f 2968/10/6 2969/10/6 2973/10/6
f 2973/10/6 2969/10/6 2974/10/6
f 2974/10/6 2969/10/6 2975/10/6
f 2975/10/6 2969/10/6 2976/10/6
f 2976/10/6 2969/10/6 2977/10/6
f 2977/10/6 2969/10/6 2978/10/6
f 2978/10/6 2969/10/6 2979/10/6
f 2979/10/6 2969/10/6 2980/10/6
f 2980/10/6 2969/10/6 2981/10/6
f 2981/10/6 2969/10/6 2982/10/6
f 2982/10/6 2969/10/6 2983/10/6
f 2983/10/6 2969/10/6 2984/10/6
f 2970/10/6 2971/10/6 2987/10/6
f 2987/10/6 2971/10/6 2988/10/6
f 2988/10/6 2971/10/6 2989/10/6
f 2989/10/6 2971/10/6 2990/10/6
f 2990/10/6 2971/10/6 2991/10/6
f 2991/10/6 2971/10/6 2992/10/6
f 2992/10/6 2971/10/6 2993/10/6
f 2993/10/6 2971/10/6 2994/10/6
f 2994/10/6 2971/10/6 2995/10/6
f 2995/10/6 2971/10/6 2996/10/6
f 2996/10/6 2971/10/6 2997/10/6
f 2997/10/6 2971/10/6 2998/10/6
f 2972/10/6 2973/10/6 3000/10/6
f 2973/10/6 2974/10/6 3000/10/6
f 2975/10/6 2976/10/6 3001/10/6
f 3001/10/6 2976/10/6 3002/10/6
f 2977/10/6 2978/10/6 3003/10/6
f 3003/10/6 2978/10/6 3004/10/6
f 2979/10/6 2980/10/6 3005/10/6
f 3005/10/6 2980/10/6 3006/10/6
f 2981/10/6 2982/10/6 3007/10/6
f 3007/10/6 2982/10/6 3008/10/6
f 2984/10/6 2985/10/6 3009/10/6
f 2983/10/6 2984/10/6 3009/10/6
f 3009/10/6 2985/10/6 3010/10/6
f 2987/10/6 2988/10/6 3011/10/6
f 2986/10/6 2987/10/6 3011/10/6
f 3011/10/6 2988/10/6 3012/10/6
f 2989/10/6 2990/10/6 3013/10/6
f 3013/10/6 2990/10/6 3014/10/6
f 2991/10/6 2992/10/6 3015/10/6
f 3015/10/6 2992/10/6 3016/10/6
f 2993/10/6 2994/10/6 3017/10/6
f 3017/10/6 2994/10/6 3018/10/6
f 2995/10/6 2996/10/6 3019/10/6
f 3019/10/6 2996/10/6 3020/10/6
f 2998/10/6 2999/10/6 3021/10/6
f 2997/10/6 2998/10/6 3021/10/6
f 3007/10/6 3008/10/6 3022/10/6
f 3020/10/6 3021/10/6 3022/10/6
f 3019/10/6 3020/10/6 3022/10/6
f 3018/10/6 3019/10/6 3022/10/6
f 3017/10/6 3018/10/6 3022/10/6
f 3016/10/6 3017/10/6 3022/10/6
f 2972/10/6 3000/10/6 3022/10/6
f 3014/10/6 3015/10/6 3022/10/6
f 3015/10/6 3016/10/6 3022/10/6
f 3012/10/6 3013/10/6 3022/10/6
f 3001/10/6 3002/10/6 3022/10/6
f 3010/10/6 3011/10/6 3022/10/6
f 3013/10/6 3014/10/6 3022/10/6
f 3003/10/6 3004/10/6 3022/10/6
f 3011/10/6 3012/10/6 3022/10/6
f 3004/10/6 3005/10/6 3022/10/6
f 3005/10/6 3006/10/6 3022/10/6
f 3002/10/6 3003/10/6 3022/10/6
f 3009/10/6 3010/10/6 3022/10/6
f 3000/10/6 3001/10/6 3022/10/6
f 3006/10/6 3007/10/6 3022/10/6
f 3008/10/6 3009/10/6 3022/10/6
f 3022/10/6 3021/10/6 3023/10/6
f 3023/10/6 3021/10/6 3024/10/6
f 3024/10/6 3021/10/6 3025/10/6
f 3025/10/6 3021/10/6 3026/10/6
f 3026/10/6 3021/10/6 3027/10/6
f 3027/10/6 3021/10/6 3028/10/6
f 3028/10/6 3021/10/6 3029/10/6
f 3029/10/6 3021/10/6 3030/10/6
f 3030/10/6 3021/10/6 3031/10/6
f 3031/10/6 3021/10/6 3032/10/6
f 3032/10/6 3021/10/6 3033/10/6
f 3033/10/6 3021/10/6 3034/10/6
f 3034/10/6 3021/10/6 3035/10/6
f 3035/10/6 3021/10/6 3036/10/6
f 3036/10/6 3021/10/6 3037/10/6
f 3037/10/6 3021/10/6 3038/10/6
f 3038/10/6 3021/10/6 3039/10/6
f 3039/10/6 3021/10/6 3040/10/6
f 3040/10/6 3021/10/6 3041/10/6
f 3041/10/6 3021/10/6 3042/10/6
f 3042/10/6 3021/10/6 3043/10/6
f 3043/10/6 3021/10/6 3044/10/6
f 3044/10/6 3021/10/6 3045/10/6
f 3045/10/6 3021/10/6 3046/10/6
f 3021/10/6 2999/10/6 3047/10/6
f 3046/10/6 3021/10/6 3047/10/6
f 3047/10/6 2999/10/6 3048/10/6
f 3048/10/6 2999/10/6 3049/10/6
f 2972/10/6 3022/10/6 3050/10/6
f 3023/10/6 3024/10/6 3051/10/6
f 3051/10/6 3024/10/6 3052/10/6
f 3025/10/6 3026/10/6 3053/10/6
f 3053/10/6 3026/10/6 3054/10/6
f 3027/10/6 3028/10/6 3055/10/6
f 3055/10/6 3028/10/6 3056/10/6
f 3029/10/6 3030/10/6 3057/10/6
f 3057/10/6 3030/10/6 3058/10/6
f 3031/10/6 3032/10/6 3059/10/6
f 3059/10/6 3032/10/6 3060/10/6
f 3033/10/6 3034/10/6 3061/10/6
f 3061/10/6 3034/10/6 3062/10/6
f 3035/10/6 3036/10/6 3063/10/6
f 3063/10/6 3036/10/6 3064/10/6
f 3037/10/6 3038/10/6 3065/10/6
f 3065/10/6 3038/10/6 3066/10/6
f 3039/10/6 3040/10/6 3067/10/6
f 3067/10/6 3040/10/6 3068/10/6
f 3041/10/6 3042/10/6 3069/10/6
f 3069/10/6 3042/10/6 3070/10/6
f 3043/10/6 3044/10/6 3071/10/6
f 3071/10/6 3044/10/6 3072/10/6
f 3045/10/6 3046/10/6 3073/10/6
f 3073/10/6 3046/10/6 3074/10/6
f 3047/10/6 3048/10/6 3075/10/6
f 3075/10/6 3048/10/6 3076/10/6
f 3049/10/6 2999/10/6 3077/10/6
f 3071/10/6 3072/10/6 3078/10/6
f 3076/10/6 3077/10/6 3078/10/6
f 3075/10/6 3076/10/6 3078/10/6
f 3073/10/6 3074/10/6 3078/10/6
f 3074/10/6 3075/10/6 3078/10/6
f 2972/10/6 3050/10/6 3078/10/6
f 3072/10/6 3073/10/6 3078/10/6
f 3069/10/6 3070/10/6 3078/10/6
f 3070/10/6 3071/10/6 3078/10/6
f 3051/10/6 3052/10/6 3078/10/6
f 3068/10/6 3069/10/6 3078/10/6
f 3067/10/6 3068/10/6 3078/10/6
f 3066/10/6 3067/10/6 3078/10/6
f 3053/10/6 3054/10/6 3078/10/6
f 3064/10/6 3065/10/6 3078/10/6
f 3065/10/6 3066/10/6 3078/10/6
f 3062/10/6 3063/10/6 3078/10/6
f 3055/10/6 3056/10/6 3078/10/6
f 3060/10/6 3061/10/6 3078/10/6
f 3063/10/6 3064/10/6 3078/10/6
f 3058/10/6 3059/10/6 3078/10/6
f 3057/10/6 3058/10/6 3078/10/6
f 3056/10/6 3057/10/6 3078/10/6
f 3061/10/6 3062/10/6 3078/10/6
f 3054/10/6 3055/10/6 3078/10/6
f 3059/10/6 3060/10/6 3078/10/6
f 3052/10/6 3053/10/6 3078/10/6
f 3050/10/6 3051/10/6 3078/10/6
f 3078/10/6 3077/10/6 3079/10/6
f 3079/10/6 3077/10/6 3080/10/6
f 3080/10/6 3077/10/6 3081/10/6
f 3081/10/6 3077/10/6 3082/10/6
f 3082/10/6 3077/10/6 3083/10/6
f 3083/10/6 3077/10/6 3084/10/6
f 3084/10/6 3077/10/6 3085/10/6
f 3085/10/6 3077/10/6 3086/10/6
f 3086/10/6 3077/10/6 3087/10/6
f 3087/10/6 3077/10/6 3088/10/6
f 3088/10/6 3077/10/6 3089/10/6
f 3089/10/6 3077/10/6 3090/10/6
f 3090/10/6 3077/10/6 3091/10/6
f 3091/10/6 3077/10/6 3092/10/6
f 3092/10/6 3077/10/6 3093/10/6
f 3093/10/6 3077/10/6 3094/10/6
f 3094/10/6 3077/10/6 3095/10/6
f 3095/10/6 3077/10/6 3096/10/6
f 3096/10/6 3077/10/6 3097/10/6
f 3097/10/6 3077/10/6 3098/10/6
f 3098/10/6 3077/10/6 3099/10/6
f 3099/10/6 3077/10/6 3100/10/6
f 3100/10/6 3077/10/6 3101/10/6
f 3101/10/6 3077/10/6 3102/10/6
f 3102/10/6 3077/10/6 3103/10/6
f 3103/10/6 3077/10/6 3104/10/6
f 3077/10/6 2999/10/6 3105/10/6
f 3104/10/6 3077/10/6 3105/10/6
f 2972/10/6 3078/10/6 3106/10/6
f 3079/10/6 3080/10/6 3107/10/6
f 3107/10/6 3080/10/6 3108/10/6
f 3081/10/6 3082/10/6 3109/10/6
f 3109/10/6 3082/10/6 3110/10/6
f 3083/10/6 3084/10/6 3111/10/6
f 3111/10/6 3084/10/6 3112/10/6
f 3085/10/6 3086/10/6 3113/10/6
f 3113/10/6 3086/10/6 3114/10/6
f 3087/10/6 3088/10/6 3115/10/6
f 3115/10/6 3088/10/6 3116/10/6
f 3089/10/6 3090/10/6 3117/10/6
f 3117/10/6 3090/10/6 3118/10/6
f 3091/10/6 3092/10/6 3119/10/6
f 3119/10/6 3092/10/6 3120/10/6
f 3093/10/6 3094/10/6 3121/10/6
f 3121/10/6 3094/10/6 3122/10/6
f 3095/10/6 3096/10/6 3123/10/6
f 3123/10/6 3096/10/6 3124/10/6
f 3097/10/6 3098/10/6 3125/10/6
f 3125/10/6 3098/10/6 3126/10/6
f 3099/10/6 3100/10/6 3127/10/6
f 3127/10/6 3100/10/6 3128/10/6
f 3101/10/6 3102/10/6 3129/10/6
f 3129/10/6 3102/10/6 3130/10/6
f 3103/10/6 3104/10/6 3131/10/6
f 3131/10/6 3104/10/6 3132/10/6
f 3105/10/6 2999/10/6 3133/10/6
f 3129/10/6 3130/10/6 3134/10/6
f 3132/10/6 3133/10/6 3134/10/6
f 3131/10/6 3132/10/6 3134/10/6
f 3127/10/6 3128/10/6 3134/10/6
f 3130/10/6 3131/10/6 3134/10/6
f 2972/10/6 3106/10/6 3134/10/6
f 3128/10/6 3129/10/6 3134/10/6
f 3125/10/6 3126/10/6 3134/10/6
f 3126/10/6 3127/10/6 3134/10/6
f 3107/10/6 3108/10/6 3134/10/6
f 3124/10/6 3125/10/6 3134/10/6
f 3123/10/6 3124/10/6 3134/10/6
f 3122/10/6 3123/10/6 3134/10/6
f 3109/10/6 3110/10/6 3134/10/6
f 3120/10/6 3121/10/6 3134/10/6
f 3121/10/6 3122/10/6 3134/10/6
f 3118/10/6 3119/10/6 3134/10/6
f 3111/10/6 3112/10/6 3134/10/6
f 3116/10/6 3117/10/6 3134/10/6
f 3119/10/6 3120/10/6 3134/10/6
f 3114/10/6 3115/10/6 3134/10/6
f 3113/10/6 3114/10/6 3134/10/6
f 3112/10/6 3113/10/6 3134/10/6
f 3117/10/6 3118/10/6 3134/10/6
f 3110/10/6 3111/10/6 3134/10/6
f 3115/10/6 3116/10/6 3134/10/6
f 3108/10/6 3109/10/6 3134/10/6
f 3106/10/6 3107/10/6 3134/10/6
f 3134/10/6 3133/10/6 3135/10/6
f 3135/10/6 3133/10/6 3136/10/6
f 3136/10/6 3133/10/6 3137/10/6
f 3137/10/6 3133/10/6 3138/10/6
f 3138/10/6 3133/10/6 3139/10/6
f 3139/10/6 3133/10/6 3140/10/6
f 3140/10/6 3133/10/6 3141/10/6
f 3141/10/6 3133/10/6 3142/10/6
f 3142/10/6 3133/10/6 3143/10/6
f 3143/10/6 3133/10/6 3144/10/6
f 3144/10/6 3133/10/6 3145/10/6
f 3145/10/6 3133/10/6 3146/10/6
f 3146/10/6 3133/10/6 3147/10/6
f 3147/10/6 3133/10/6 3148/10/6
f 3148/10/6 3133/10/6 3149/10/6
f 3149/10/6 3133/10/6 3150/10/6
f 3150/10/6 3133/10/6 3151/10/6
f 3151/10/6 3133/10/6 3152/10/6
f 3152/10/6 3133/10/6 3153/10/6
f 3153/10/6 3133/10/6 3154/10/6
f 3154/10/6 3133/10/6 3155/10/6
f 3155/10/6 3133/10/6 3156/10/6
f 3156/10/6 3133/10/6 3157/10/6
f 3157/10/6 3133/10/6 3158/10/6
f 3158/10/6 3133/10/6 3159/10/6
f 3159/10/6 3133/10/6 3160/10/6
f 3133/10/6 2999/10/6 3161/10/6
f 3160/10/6 3133/10/6 3161/10/6
f 2972/10/6 3134/10/6 3162/10/6
f 3135/10/6 3136/10/6 3163/10/6
f 3163/10/6 3136/10/6 3164/10/6
f 3137/10/6 3138/10/6 3165/10/6
f 3165/10/6 3138/10/6 3166/10/6
f 3139/10/6 3140/10/6 3167/10/6
f 3167/10/6 3140/10/6 3168/10/6
f 3141/10/6 3142/10/6 3169/10/6
f 3169/10/6 3142/10/6 3170/10/6
f 3143/10/6 3144/10/6 3171/10/6
f 3171/10/6 3144/10/6 3172/10/6
f 3145/10/6 3146/10/6 3173/10/6
f 3173/10/6 3146/10/6 3174/10/6
f 3147/10/6 3148/10/6 3175/10/6
f 3175/10/6 3148/10/6 3176/10/6
f 3149/10/6 3150/10/6 3177/10/6
f 3177/10/6 3150/10/6 3178/10/6
f 3151/10/6 3152/10/6 3179/10/6
f 3179/10/6 3152/10/6 3180/10/6
f 3153/10/6 3154/10/6 3181/10/6
f 3181/10/6 3154/10/6 3182/10/6
f 3155/10/6 3156/10/6 3183/10/6
f 3183/10/6 3156/10/6 3184/10/6
f 3157/10/6 3158/10/6 3185/10/6
f 3185/10/6 3158/10/6 3186/10/6
f 3159/10/6 3160/10/6 3187/10/6
f 3187/10/6 3160/10/6 3188/10/6
f 3161/10/6 2999/10/6 3189/10/6
f 3185/10/6 3186/10/6 3190/10/6
f 3188/10/6 3189/10/6 3190/10/6
f 3187/10/6 3188/10/6 3190/10/6
f 3183/10/6 3184/10/6 3190/10/6
f 3186/10/6 3187/10/6 3190/10/6
f 2972/10/6 3162/10/6 3190/10/6
f 3184/10/6 3185/10/6 3190/10/6
f 3181/10/6 3182/10/6 3190/10/6
f 3182/10/6 3183/10/6 3190/10/6
f 3163/10/6 3164/10/6 3190/10/6
f 3180/10/6 3181/10/6 3190/10/6
f 3179/10/6 3180/10/6 3190/10/6
f 3178/10/6 3179/10/6 3190/10/6
f 3165/10/6 3166/10/6 3190/10/6
f 3176/10/6 3177/10/6 3190/10/6
f 3177/10/6 3178/10/6 3190/10/6
f 3174/10/6 3175/10/6 3190/10/6
f 3167/10/6 3168/10/6 3190/10/6
f 3172/10/6 3173/10/6 3190/10/6
f 3175/10/6 3176/10/6 3190/10/6
f 3170/10/6 3171/10/6 3190/10/6
f 3169/10/6 3170/10/6 3190/10/6
f 3168/10/6 3169/10/6 3190/10/6
f 3173/10/6 3174/10/6 3190/10/6
f 3166/10/6 3167/10/6 3190/10/6
f 3171/10/6 3172/10/6 3190/10/6
f 3164/10/6 3165/10/6 3190/10/6
f 3162/10/6 3163/10/6 3190/10/6
f 3190/10/6 3189/10/6 3191/10/6
f 3191/10/6 3189/10/6 3192/10/6
f 3192/10/6 3189/10/6 3193/10/6
f 3193/10/6 3189/10/6 3194/10/6
f 3194/10/6 3189/10/6 3195/10/6
f 3195/10/6 3189/10/6 3196/10/6
f 3196/10/6 3189/10/6 3197/10/6
f 3197/10/6 3189/10/6 3198/10/6
f 3198/10/6 3189/10/6 3199/10/6
f 3199/10/6 3189/10/6 3200/10/6
f 3200/10/6 3189/10/6 3201/10/6
f 3201/10/6 3189/10/6 3202/10/6
f 3202/10/6 3189/10/6 3203/10/6
f 3203/10/6 3189/10/6 3204/10/6
f 3204/10/6 3189/10/6 3205/10/6
f 3205/10/6 3189/10/6 3206/10/6
f 3206/10/6 3189/10/6 3207/10/6
f 3207/10/6 3189/10/6 3208/10/6
f 3208/10/6 3189/10/6 3209/10/6
f 3209/10/6 3189/10/6 3210/10/6
f 3210/10/6 3189/10/6 3211/10/6
f 3211/10/6 3189/10/6 3212/10/6
f 3212/10/6 3189/10/6 3213/10/6
f 3213/10/6 3189/10/6 3214/10/6
f 3214/10/6 3189/10/6 3215/10/6
f 3215/10/6 3189/10/6 3216/10/6
f 3189/10/6 2999/10/6 3217/10/6
f 3216/10/6 3189/10/6 3217/10/6
f 2972/10/6 3190/10/6 3218/10/6
f 3191/10/6 3192/10/6 3219/10/6
f 3219/10/6 3192/10/6 3220/10/6
f 3193/10/6 3194/10/6 3221/10/6
f 3221/10/6 3194/10/6 3222/10/6
f 3195/10/6 3196/10/6 3223/10/6
f 3223/10/6 3196/10/6 3224/10/6
f 3197/10/6 3198/10/6 3225/10/6
f 3225/10/6 3198/10/6 3226/10/6
f 3199/10/6 3200/10/6 3227/10/6
f 3227/10/6 3200/10/6 3228/10/6
f 3201/10/6 3202/10/6 3229/10/6
f 3229/10/6 3202/10/6 3230/10/6
f 3203/10/6 3204/10/6 3231/10/6
f 3231/10/6 3204/10/6 3232/10/6
f 3205/10/6 3206/10/6 3233/10/6
f 3233/10/6 3206/10/6 3234/10/6
f 3207/10/6 3208/10/6 3235/10/6
f 3235/10/6 3208/10/6 3236/10/6
f 3209/10/6 3210/10/6 3237/10/6
f 3237/10/6 3210/10/6 3238/10/6
f 3211/10/6 3212/10/6 3239/10/6
f 3239/10/6 3212/10/6 3240/10/6
f 3213/10/6 3214/10/6 3241/10/6
f 3241/10/6 3214/10/6 3242/10/6
f 3215/10/6 3216/10/6 3243/10/6
f 3243/10/6 3216/10/6 3244/10/6
f 3217/10/6 2999/10/6 3245/10/6
f 3241/10/6 3242/10/6 3246/10/6
f 3244/10/6 3245/10/6 3246/10/6
f 3243/10/6 3244/10/6 3246/10/6
f 3239/10/6 3240/10/6 3246/10/6
f 3242/10/6 3243/10/6 3246/10/6
f 3237/10/6 3238/10/6 3246/10/6
f 3240/10/6 3241/10/6 3246/10/6
f 3219/10/6 3220/10/6 3246/10/6
f 3238/10/6 3239/10/6 3246/10/6
f 3235/10/6 3236/10/6 3246/10/6
f 3236/10/6 3237/10/6 3246/10/6
f 3221/10/6 3222/10/6 3246/10/6
f 3234/10/6 3235/10/6 3246/10/6
f 3233/10/6 3234/10/6 3246/10/6
f 3232/10/6 3233/10/6 3246/10/6
f 3223/10/6 3224/10/6 3246/10/6
f 3230/10/6 3231/10/6 3246/10/6
f 3231/10/6 3232/10/6 3246/10/6
f 3228/10/6 3229/10/6 3246/10/6
f 3225/10/6 3226/10/6 3246/10/6
f 3226/10/6 3227/10/6 3246/10/6
f 3229/10/6 3230/10/6 3246/10/6
f 3224/10/6 3225/10/6 3246/10/6
f 3227/10/6 3228/10/6 3246/10/6
f 3222/10/6 3223/10/6 3246/10/6
f 3218/10/6 3219/10/6 3246/10/6
f 3220/10/6 3221/10/6 3246/10/6
f 3246/10/6 3245/10/6 3247/10/6
f 3247/10/6 3245/10/6 3248/10/6
f 3248/10/6 3245/10/6 3249/10/6
f 3249/10/6 3245/10/6 3250/10/6
f 3250/10/6 3245/10/6 3251/10/6
f 3251/10/6 3245/10/6 3252/10/6
f 3252/10/6 3245/10/6 3253/10/6
f 3253/10/6 3245/10/6 3254/10/6
f 3254/10/6 3245/10/6 3255/10/6
f 3255/10/6 3245/10/6 3256/10/6
f 3256/10/6 3245/10/6 3257/10/6
f 3257/10/6 3245/10/6 3258/10/6
f 3258/10/6 3245/10/6 3259/10/6
f 3259/10/6 3245/10/6 3260/10/6
f 3260/10/6 3245/10/6 3261/10/6
f 3261/10/6 3245/10/6 3262/10/6
f 3262/10/6 3245/10/6 3263/10/6
f 3263/10/6 3245/10/6 3264/10/6
f 3264/10/6 3245/10/6 3265/10/6
f 3265/10/6 3245/10/6 3266/10/6
f 3266/10/6 3245/10/6 3267/10/6
f 2972/10/6 3218/10/6 3268/10/6
f 3218/10/6 3246/10/6 3268/10/6
f 3268/10/6 3246/10/6 3269/10/6
f 3269/10/6 3246/10/6 3270/10/6
f 3247/10/6 3248/10/6 3271/10/6
f 3271/10/6 3248/10/6 3272/10/6
f 3249/10/6 3250/10/6 3273/10/6
f 3273/10/6 3250/10/6 3274/10/6
f 3251/10/6 3252/10/6 3275/10/6
f 3275/10/6 3252/10/6 3276/10/6
f 3253/10/6 3254/10/6 3277/10/6
f 3277/10/6 3254/10/6 3278/10/6
f 3255/10/6 3256/10/6 3279/10/6
f 3256/2/6 3257/2/6 3280/2/6
f 3279/10/6 3256/10/6 3280/10/6
f 3280/2/6 3257/2/6 3281/2/6
f 3281/2/6 3257/2/6 3282/2/6
f 3257/10/6 3258/10/6 3283/10/6
f 3282/2/6 3257/2/6 3283/2/6
f 3283/10/6 3258/10/6 3284/10/6
f 3259/10/6 3260/10/6 3285/10/6
f 3285/10/6 3260/10/6 3286/10/6
f 3261/10/6 3262/10/6 3287/10/6
f 3287/10/6 3262/10/6 3288/10/6
f 3263/10/6 3264/10/6 3289/10/6
f 3289/10/6 3264/10/6 3290/10/6
f 3265/10/6 3266/10/6 3291/10/6
f 3291/10/6 3266/10/6 3292/10/6
f 3267/10/6 3245/10/6 3293/10/6
f 3245/10/6 2999/10/6 3294/10/6
f 3293/10/6 3245/10/6 3294/10/6
f 3294/10/6 2999/10/6 3295/10/6
f 3269/10/6 3270/10/6 3296/10/6
f 3271/10/6 3272/10/6 3296/10/6
f 3273/10/6 3274/10/6 3296/10/6
f 3275/10/6 3276/10/6 3296/10/6
f 3278/10/6 3279/10/6 3296/10/6
f 3277/10/6 3278/10/6 3296/10/6
f 3270/10/6 3271/10/6 3296/10/6
f 3272/10/6 3273/10/6 3296/10/6
f 3274/10/6 3275/10/6 3296/10/6
f 3276/10/6 3277/10/6 3296/10/6
f 3279/2/6 3280/2/6 3297/2/6
f 3296/10/6 3279/10/6 3297/10/6
f 3280/2/6 3281/2/6 3297/2/6
f 3297/2/6 3281/2/6 3298/2/6
f 3298/2/6 3281/2/6 3299/2/6
f 3283/2/6 3284/2/6 3300/2/6
f 3282/2/6 3283/2/6 3300/2/6
f 3300/2/6 3284/2/6 3301/2/6
f 3292/10/6 3293/10/6 3302/10/6
f 3301/2/6 3284/2/6 3302/2/6
f 3291/10/6 3292/10/6 3302/10/6
f 3289/10/6 3290/10/6 3302/10/6
f 3287/10/6 3288/10/6 3302/10/6
f 3285/10/6 3286/10/6 3302/10/6
f 3293/10/6 3294/10/6 3302/10/6
f 3290/10/6 3291/10/6 3302/10/6
f 3288/10/6 3289/10/6 3302/10/6
f 3286/10/6 3287/10/6 3302/10/6
f 3284/10/6 3285/10/6 3302/10/6
f 3302/10/6 3294/10/6 3303/10/6
f 3297/2/6 3298/2/6 3304/2/6
f 3301/2/6 3302/2/6 3307/2/6
f 3304/2/6 3305/2/6 3308/2/6
f 3297/2/6 3304/2/6 3308/2/6
f 3308/2/6 3305/2/6 3309/2/6
f 3309/2/6 3305/2/6 3310/2/6
f 3306/2/6 3307/2/6 3311/2/6
f 3307/2/6 3302/2/6 3312/2/6
f 3311/2/6 3307/2/6 3312/2/6
f 3312/2/6 3302/2/6 3313/2/6
f 3309/2/6 3310/2/6 3314/2/6
f 3310/2/6 3311/2/6 3314/2/6
f 3311/2/6 3312/2/6 3314/2/6
f 3314/2/6 3312/2/6 3315/2/6
f 3316/9/6 3317/9/6 3328/9/6
f 3328/9/6 3317/9/6 3329/9/6
f 3318/9/6 3319/9/6 3330/9/6
f 3330/9/6 3319/9/6 3331/9/6
f 3320/9/6 3321/9/6 3332/9/6
f 3332/9/6 3321/9/6 3333/9/6
f 3322/9/6 3323/9/6 3334/9/6
f 3334/9/6 3323/9/6 3335/9/6
f 3324/9/6 3325/9/6 3336/9/6
f 3336/9/6 3325/9/6 3337/9/6
f 3326/9/6 3327/9/6 3338/9/6
f 3338/9/6 3327/9/6 3339/9/6
f 3340/9/6 3341/9/6 3344/9/6
f 3344/9/6 3341/9/6 3345/9/6
f 3345/9/6 3341/9/6 3346/9/6
f 3346/9/6 3341/9/6 3347/9/6
f 3347/9/6 3341/9/6 3348/9/6
f 3348/9/6 3341/9/6 3349/9/6
f 3349/9/6 3341/9/6 3350/9/6
f 3350/9/6 3341/9/6 3351/9/6
f 3351/9/6 3341/9/6 3352/9/6
f 3352/9/6 3341/9/6 3353/9/6
f 3342/9/6 3343/9/6 3354/9/6
f 3354/9/6 3343/9/6 3355/9/6
f 3355/9/6 3343/9/6 3356/9/6
f 3356/9/6 3343/9/6 3357/9/6
f 3357/9/6 3343/9/6 3358/9/6
f 3358/9/6 3343/9/6 3359/9/6
f 3359/9/6 3343/9/6 3360/9/6
f 3360/9/6 3343/9/6 3361/9/6
f 3361/9/6 3343/9/6 3362/9/6
f 3362/9/6 3343/9/6 3363/9/6
f 3363/9/6 3343/9/6 3364/9/6
f 3345/13/6 3346/13/6 3365/13/6
f 3365/13/6 3346/13/6 3366/13/6
f 3347/13/6 3348/13/6 3367/13/6
f 3367/13/6 3348/13/6 3368/13/6
f 3349/1/6 3350/1/6 3369/1/6
f 3369/1/6 3350/1/6 3370/1/6
f 3351/1/6 3352/1/6 3371/1/6
f 3371/1/6 3352/1/6 3372/1/6
f 3355/7/6 3356/7/6 3373/7/6
f 3373/7/6 3356/7/6 3374/7/6
f 3357/7/6 3358/7/6 3375/7/6
f 3375/7/6 3358/7/6 3376/7/6
f 3359/6/6 3360/6/6 3377/6/6
f 3377/6/6 3360/6/6 3378/6/6
f 3362/6/6 3363/6/6 3379/6/6
f 3379/6/6 3363/6/6 3380/6/6
f 3389/9/6 3390/9/6 3393/9/6
f 3381/9/6 3382/9/6 3394/9/6
f 3394/9/6 3382/9/6 3395/9/6
f 3383/9/6 3384/9/6 3396/9/6
f 3396/9/6 3384/9/6 3397/9/6
f 3385/9/6 3386/9/6 3400/9/6
f 3400/9/6 3386/9/6 3401/9/6
f 3387/9/6 3388/9/6 3402/9/6
f 3402/9/6 3388/9/6 3403/9/6
f 3391/9/6 3392/9/6 3404/9/6
f 3389/9/6 3393/9/6 3405/9/6
f 3394/9/6 3395/9/6 3405/9/6
f 3397/9/6 3398/9/6 3405/9/6
f 3393/9/6 3394/9/6 3405/9/6
f 3395/9/6 3396/9/6 3405/9/6
f 3396/9/6 3397/9/6 3405/9/6
f 3405/9/6 3398/9/6 3406/9/6
f 3403/9/6 3404/9/6 3407/9/6
f 3400/9/6 3401/9/6 3407/9/6
f 3402/9/6 3403/9/6 3407/9/6
f 3401/9/6 3402/9/6 3407/9/6
f 3399/9/6 3400/9/6 3407/9/6
f 3404/9/6 3392/9/6 3408/9/6
f 3407/9/6 3404/9/6 3408/9/6
f 3389/9/6 3405/9/6 3409/9/6
f 3409/9/6 3405/9/6 3410/9/6
f 3408/9/6 3392/9/6 3420/9/6
f 3420/9/6 3392/9/6 3421/9/6
f 3411/1/6 3412/1/6 3422/1/6
f 3422/1/6 3412/1/6 3423/1/6
f 3413/1/6 3414/1/6 3424/1/6
f 3424/1/6 3414/1/6 3425/1/6
f 3415/7/6 3416/7/6 3426/7/6
f 3426/7/6 3416/7/6 3427/7/6
f 3417/5/6 3418/5/6 3428/5/6
f 3418/4/6 3419/4/6 3429/4/6
f 3428/5/6 3418/5/6 3429/5/6
f 3429/4/6 3419/4/6 3430/4/6
f 3431/9/6 3432/9/6 3434/9/6
f 3434/9/6 3432/9/6 3435/9/6
f 3433/9/6 3434/9/6 3437/9/6
f 3437/9/6 3434/9/6 3438/9/6
f 3435/9/6 3436/9/6 3439/9/6
f 3439/9/6 3436/9/6 3440/9/6
f 3438/9/6 3439/9/6 3441/9/6
f 3441/9/6 3439/9/6 3442/9/6
f 3443/9/6 3444/9/6 3445/9/6
f 3445/9/6 3444/9/6 3446/9/6
f 3447/12/6 3448/12/6 3455/12/6
f 3455/12/6 3448/12/6 3456/12/6
f 3449/12/6 3450/12/6 3457/12/6
f 3457/12/6 3450/12/6 3458/12/6
f 3451/12/6 3452/12/6 3459/12/6
f 3459/12/6 3452/12/6 3460/12/6
f 3453/12/6 3454/12/6 3461/12/6
f 3461/12/6 3454/12/6 3462/12/6
